capacity,failure_rate,id,price,product_type,quality,warranty,attractiveness
10.492623312,0.0425279808868,18377,828.802103486,1,-1,3,0.650648260815
20.2737304445,0.037896368226,19363,882.894915942,1,-1,3,0.699792474302
20.1904569165,0.0391112459542,19641,919.355521709,1,-1,3,0.632128933051
27.2201310375,0.0413031167987,18728,817.08509695,1,-1,3,0.81072989177
16.3709110561,0.0379381718679,18722,844.581464527,1,0,3,0.757614162259
19.548212909,0.0354280920071,18268,905.297502965,1,0,3,0.777051088493
12.2426354946,0.0354916446815,18448,930.615021608,1,1,3,0.766055694818
8.67631364671,0.042065635322,18943,818.07559061,1,-1,3,0.541317734275
15.2641804951,0.0388041781854,19640,816.77402812,1,-1,3,0.620278068839
16.190544597,0.0340454541197,19559,814.799650279,1,-1,3,0.583116910215
14.0289890916,0.0347572492355,19560,785.615675109,1,-1,3,0.762883729284
15.9264139867,0.0374882065637,18922,871.147948244,1,0,3,0.741459393559
14.3186602877,0.037683902277,18858,819.838099234,1,-1,3,0.707788535614
19.8961790835,0.0409341994927,19307,830.373641868,1,-1,3,0.618644005719
18.9253590616,0.0290283877254,19177,874.528100755,1,-1,3,0.654611153317
14.3199283392,0.040453239425,19275,932.020558852,1,0,3,0.766497756831
11.181390748,0.0392083082801,19478,852.037497393,1,-1,3,0.621991490497
22.824634301,0.0329316196421,18969,848.527485389,1,0,3,0.799125786278
25.6223116633,0.0383559970123,18965,882.086532186,1,1,3,0.878160126192
27.6105002684,0.0416006562413,19376,814.524030122,1,-1,3,0.624246703347
18.0434865179,0.0300796741296,19509,827.985533013,1,-1,3,0.740155705805
16.1297132626,0.0408684277151,18361,843.729982951,1,-1,3,0.637719714725
8.21197022517,0.0342617739714,18977,834.984548044,1,-1,3,0.659050581399
27.4848970222,0.035069010235,19257,838.865751589,1,0,3,0.876942345909
21.72014834,0.0354314523822,18495,840.411156336,1,0,3,0.780436614456
20.2319732876,0.0416145165712,18809,845.858941567,1,-1,3,0.709329501539
20.9286179546,0.0370143772659,19104,752.739340506,1,-1,3,0.581700958598
17.0627386025,0.0319477834951,18876,891.334311494,1,1,3,0.878246032582
21.792639903,0.0383280265949,18536,846.329547348,1,-1,3,0.709549439909
28.732437162,0.0318125597408,19031,964.973926022,1,0,3,0.818481664037
34.4379207054,0.0393313469832,19014,819.350235007,1,-1,3,0.648368287757
20.2290857705,0.0399311578636,18667,820.901872706,1,-1,3,0.697133216628
23.1207808687,0.037998788731,19377,913.525589338,1,-1,3,0.63521786913
14.0974715959,0.0352459007577,18632,773.266246875,1,-1,3,0.737762138116
20.9219781309,0.0374309536091,18439,830.144658048,1,1,3,0.95287698894
28.377515214,0.033985138113,18783,895.396613254,1,0,3,0.730525953365
10.5736373892,0.0342976911433,18504,822.735151223,1,-1,3,0.583482964495
19.2061571783,0.0420955601318,19265,807.922208115,1,-1,3,0.774403195243
19.6527315722,0.0365113813412,18425,849.417778732,1,0,3,0.876181799092
19.3338231838,0.0370490433774,18285,836.675504789,1,-1,3,0.823865946636
17.4165570623,0.0338433325643,19532,797.357495808,1,-1,3,0.714270788727
15.9337425481,0.0400473610641,18749,785.394607461,1,-1,3,0.644568697247
11.5936129172,0.0351848772497,18327,890.027301662,1,-1,3,0.595518000168
37.9860815036,0.0360637282611,19516,839.296139427,1,-1,3,0.669369056424
12.9572513939,0.032432517192,19343,835.086132127,1,-1,3,0.629051184586
7.91672028528,0.0338530324528,19494,912.150450053,1,-1,3,0.581582157371
18.1339235583,0.0371367880632,18634,801.835973719,1,-1,3,0.679813901064
25.1362284086,0.044025990773,19549,69.3597664946,1,0,3,0.907833606664
14.861087758,0.0424173877221,18971,919.663054049,1,1,3,0.826116132269
19.9387888679,0.0419272168407,18582,857.294614885,1,-1,3,0.654414038194
23.3551819482,0.0404745483273,18289,888.15265483,1,-1,3,0.64219005456
16.1527915225,0.0338726681937,18994,788.508633131,1,-1,3,0.704930744581
16.9276737479,0.0359677446807,18726,935.66163332,1,1,3,0.914048731357
31.3169822451,0.0344068940269,18941,769.806322687,1,-1,3,0.694284643782
19.8819451917,0.0425509508654,18871,791.816606116,1,-1,3,0.709501490684
22.0452263602,0.0358352223285,19053,939.299326528,1,0,3,0.725595515234
14.2552762136,0.0357712578145,19547,902.601154435,1,1,3,0.867419261465
20.1387764598,0.0299463263714,18938,874.433214254,1,-1,3,0.612544091077
11.7542007861,0.035195475062,19220,884.264883123,1,0,3,0.749734392106
34.1810187253,0.041935713676,18733,860.347873845,1,-1,3,0.709901055339
10.5279735065,0.034060259286,19386,857.3393818,1,0,3,0.847308800268
21.6844477547,0.0375583114072,19374,940.317543955,1,0,3,0.81455031152
15.6276230054,0.0417141966692,19448,359.675156879,1,-1,3,0.699600467835
20.2590577602,0.0414278939165,19417,842.180029502,1,-1,3,0.78698051112
18.6694482016,0.036297497566,19368,424.738556501,1,0,3,0.726770354599
16.3490081565,0.0384677373578,19032,797.299406088,1,-1,3,0.740499977548
16.3083479732,0.0396575995501,19170,882.394059251,1,0,3,0.736797685898
25.431694639,0.0297564999986,19437,871.884171854,1,-1,3,0.597546452842
19.0175578317,0.0393436023316,18872,858.592659152,1,-1,3,0.750786274367
28.7705647315,0.0347157485766,18840,922.554174203,1,1,3,0.9067852759
27.7442132772,0.0376265359584,18710,842.30752656,1,-1,3,0.660165280123
18.2522107328,0.0429794877352,19629,881.396727619,1,0,3,0.796899533533
25.0880413028,0.0404000425187,18861,846.072164005,1,0,3,0.824195783751
32.8241341288,0.0405766194231,19309,900.608934394,1,-1,3,0.635965407308
17.3660993692,0.036888712826,19046,913.959301404,1,-1,3,0.526967807843
26.3221630073,0.037210755726,19362,847.636031926,1,-1,3,0.70811063949
17.9927031616,0.0398001337075,18886,873.326713319,1,-1,3,0.680342365256
19.5016432737,0.0362747936208,18487,871.667945007,1,-1,3,0.710513962042
20.7840902482,0.0391575590781,19458,820.359796947,1,-1,3,0.753797947186
11.4203819998,0.0397018949964,19444,875.745121418,1,0,3,0.758794937115
16.0479013113,0.0342158148344,18983,921.903607701,1,1,3,0.873387198476
18.1217758151,0.0377180159454,19391,876.971439269,1,-1,3,0.655696291275
39.5665595388,0.0324900901686,19610,819.450330462,1,-1,3,0.59458402453
12.6259853598,0.0431391896632,19513,916.73376578,1,-1,3,0.563579776958
11.6771060678,0.0436077113554,18882,807.666162058,1,-1,3,0.785380099532
20.0380046989,0.0354655246752,19512,840.308091193,1,-1,3,0.703567097831
16.5723827732,0.0365845206528,19045,896.673787403,1,0,3,0.760903809202
17.9058594279,0.0380611053929,19385,900.766479537,1,-1,3,0.713657367658
18.4472979794,0.0373273109268,18996,814.135322551,1,-1,3,0.69958159131
32.5860617103,0.0429850291783,19263,882.532206213,1,-1,3,0.696895605941
25.9558079197,0.0425618509398,19353,945.613811297,1,-1,3,0.591881111169
10.0979547859,0.0344051560709,18404,850.081822833,1,-1,3,0.648182085085
20.9456525235,0.0360727663902,18738,842.995097067,1,-1,3,0.684203104528
16.0956039453,0.0409838159044,19286,826.628843575,1,-1,3,0.716972714758
19.1104001549,0.0410881306351,18918,893.767685608,1,-1,3,0.672640185749
17.8379055288,0.0407501176456,19483,887.172907036,1,0,3,0.810765057619
18.2137396919,0.0362997369122,18347,876.969766324,1,1,3,0.873832616747
25.4246662551,0.0358491524561,19413,781.888695727,1,-1,3,0.783626416744
13.7128417982,0.0389539430354,18961,906.508870005,1,-1,3,0.616428150293
9.46905140134,0.0337393746865,19085,810.220829056,1,-1,3,0.603910646452
28.0295612512,0.0400326453632,18993,350.216028713,1,1,3,0.802719364593
13.8837546872,0.0367380187907,18693,852.583194731,1,-1,3,0.598617851815
30.501447897,0.038221317701,18866,851.718261448,1,-1,3,0.618416933142
18.8895443375,0.0368349116436,19194,77.249895551,1,-1,3,0.680852353572
16.2758207208,0.0400107905375,18714,860.039034677,1,-1,3,0.66319333153
12.2145860829,0.0402583566571,18491,840.273774596,1,0,3,0.8200408749
15.9318858474,0.0317461730192,18794,871.18387969,1,1,3,0.855190244654
31.019904375,0.0381491030218,19522,411.087711636,1,-1,3,0.76781411978
20.3222755743,0.0289062256138,19593,799.23310435,1,-1,3,0.730366577702
16.7488706117,0.040174865969,18614,848.209868624,1,-1,3,0.7569504212
7.49258455698,0.0358792352431,18270,837.043988574,1,-1,3,0.638687549088
22.6218401646,0.0296585671139,18916,920.232157135,1,1,3,0.825747977834
29.6128295684,0.0374689257097,19082,769.995147873,1,-1,3,0.780756120463
12.4517701695,0.0365023304767,19092,787.499322188,1,-1,3,0.807313769963
9.79143674063,0.0396637353384,18721,859.888396178,1,-1,3,0.733793500445
14.9916843789,0.0400421277055,18856,860.776756526,1,-1,3,0.518288084128
23.3573369055,0.0435912887464,19225,866.627100621,1,-1,3,0.684777923145
16.9517458503,0.0389009114167,19314,873.124406575,1,-1,3,0.587593474165
14.0424062251,0.0384131436837,18441,823.557965381,1,0,3,0.825122863599
19.7322051017,0.0357728870602,18646,900.534990474,1,-1,3,0.700307740371
17.6152812219,0.0354853609137,19248,850.549365952,1,1,3,0.902239146408
21.7454875908,0.0364286620524,18799,820.227992744,1,1,3,0.813466290916
25.3967677746,0.0325680982115,18573,887.371124073,1,-1,3,0.569394783328
14.8120931794,0.0325975962639,19474,863.502710459,1,0,3,0.891832986874
14.2346590348,0.0371528344881,18585,786.026582203,1,-1,3,0.644203296081
20.4310853868,0.0386079699683,18571,844.923978954,1,-1,3,0.645211987016
12.4178077523,0.0377967803385,19638,74.1560366817,1,1,3,0.810590532677
13.0698848343,0.0332313829791,18272,803.484607986,1,-1,3,0.730350144096
16.1124738163,0.0365777030728,18889,854.055851221,1,0,3,0.820747548296
8.41212167402,0.039818658144,19355,825.261918264,1,-1,3,0.762329938207
13.7180613849,0.0427633134949,19562,831.042194717,1,-1,3,0.681785917847
14.0233882923,0.0367071894973,18867,864.78726596,1,-1,3,0.635269459631
25.9986149049,0.0369562672078,18412,887.042561045,1,0,3,0.888081325314
13.2193655962,0.0396376411263,19199,834.101042937,1,-1,3,0.602116365867
20.4203018946,0.0341846267678,18322,862.171250595,1,-1,3,0.718539222923
23.3400488433,0.039022855401,19596,396.773981067,1,0,3,0.709673857432
33.6512496055,0.0380657929981,19212,792.398665598,1,-1,3,0.548575968393
19.8773218094,0.0386643228262,19468,893.765065358,1,-1,3,0.731066885796
21.4338477558,0.0424328330544,19655,894.14307447,1,0,3,0.741434106306
20.0677257145,0.0397863646896,19001,837.906818762,1,-1,3,0.775938853772
19.1158375025,0.0328614558903,19080,840.432241964,1,-1,3,0.726721074158
12.5375058546,0.0369624512623,19581,809.451689658,1,0,3,0.745078260972
31.8975930232,0.0922258977715,19620,366.225488816,2,-1,2,0.765499202007
42.4893665035,0.0946417067079,19550,360.914396089,2,1,2,0.859262703413
36.9168621667,0.0936660311821,18509,365.74038245,2,-1,2,0.738396189694
42.8377914763,0.113099112008,19246,384.224681895,2,0,2,0.744665480176
39.9138996657,0.0727382374635,19315,380.44687292,2,0,2,0.615381366409
28.4933385903,0.0947533742169,19617,386.370420704,2,0,2,0.51433410598
28.5727216284,0.0824846808823,19102,393.7103971,2,0,2,0.592944435759
35.7466045571,0.0880640708188,19294,333.071401581,2,-1,2,0.813315314613
32.9435830586,0.0841846955353,19274,376.585196109,2,0,2,0.645079640451
45.1866207124,0.099352425252,18392,405.46377503,2,0,2,0.579652192917
49.6059668745,0.0983173895926,18447,374.560737763,2,-1,2,0.727152318338
48.7488075432,0.0706701137656,18656,362.52859417,2,0,2,0.762501713221
26.3179376319,0.098640784134,19642,865.688164229,2,-1,2,0.425166373018
36.0698744766,0.101864674751,18675,402.82745462,2,0,2,0.42212676527
49.1043577745,0.0913485704278,19452,362.131365351,2,-1,2,0.757312177364
38.1964998984,0.0837831343353,19544,355.852005312,2,-1,2,0.830293852433
34.5635262367,0.1152578089,19243,381.097462081,2,1,2,0.670481566581
45.9901234187,0.0936001388582,19428,415.420896169,2,1,2,0.459231604753
48.6809855709,0.0868149940185,18991,385.777324069,2,-1,2,0.63553264398
46.1046904479,0.090645199777,19153,389.535457989,2,0,2,0.610173088691
39.2940420779,0.104430010578,19415,895.908032177,2,-1,2,0.561936909781
28.0780191895,0.0906297715039,19612,360.710463102,2,-1,2,0.722785750469
45.1988375706,0.0938439757728,19312,356.228410217,2,-1,2,0.800836933379
33.2625830172,0.103598109724,18869,367.736208179,2,-1,2,0.709294425348
39.7030603976,0.073723329913,18870,70.2711977223,2,-1,2,0.67932495496
52.7945377949,0.103721893378,19000,384.971503473,2,-1,2,0.643375780577
37.5774649983,0.0999069207953,19130,388.815123337,2,-1,2,0.592507951269
45.5714951643,0.124836012227,19176,371.292759281,2,-1,2,0.685276321916
34.8573612496,0.114097114897,18964,72.9704968718,2,-1,2,0.791921279338
49.6872776652,0.0957142428654,18985,372.996672677,2,-1,2,0.729667036966
38.415444651,0.084900057894,19005,373.053456359,2,-1,2,0.535389521469
57.810247213,0.0841161959981,19132,406.825287494,2,-1,2,0.446923545008
39.0295727167,0.0977560976721,18598,385.645561759,2,-1,2,0.441547019537
34.2663492142,0.0862152855289,19424,371.291610337,2,-1,2,0.738829659744
48.5036112881,0.108342656707,19004,374.099806002,2,-1,2,0.598501842386
58.8577314429,0.0877835925151,19535,399.328149942,2,0,2,0.553308985359
30.9524386056,0.0967215860473,18759,369.736575851,2,-1,2,0.506465186615
37.2602180877,0.104886059155,19632,394.424663754,2,0,2,0.663366216385
49.7590722626,0.110451347426,18343,399.769088119,2,-1,2,0.54988070332
37.8973310714,0.0955833957304,19006,401.224455139,2,0,2,0.549500421311
48.5811204677,0.115747561917,18730,395.208811794,2,1,2,0.652975650648
54.4998439851,0.0990547114666,18680,364.330284504,2,0,2,0.843506191194
28.1718447366,0.102273463371,19625,352.401825139,2,0,2,0.760086409615
35.1015793999,0.0945310811434,18486,80.7681666095,2,-1,2,0.753937446765
28.6751593292,0.0936891421807,19599,443.197159106,2,1,2,0.427272211016
29.027491417,0.0823053511341,19505,410.59365682,2,-1,2,0.298500714524
40.0698884335,0.0847928048419,18426,401.592905067,2,0,2,0.569135555393
39.7793875202,0.0789998657219,18644,386.755089971,2,-1,2,0.654797656684
37.4962796059,0.0857771910181,18305,375.195230113,2,-1,2,0.712994790345
40.4596026926,0.0950579581385,18349,362.100869381,2,-1,2,0.608031767053
33.9410075897,0.0917118589203,18837,364.459376509,2,-1,2,0.780094550022
30.2487601489,0.0946204636846,18575,364.446643773,2,-1,2,0.747962632319
32.4778233275,0.0864508581735,18462,376.264057308,2,0,2,0.697706474915
48.6273744752,0.0969705224342,18819,355.383301952,2,-1,2,0.846866097859
41.2243742496,0.111411033454,18962,397.638865502,2,-1,2,0.548726875252
57.132326664,0.10086163881,18396,380.848309062,2,-1,2,0.703111486371
36.2154679617,0.100280889251,18650,415.915102922,2,0,2,0.40020569571
40.0664793919,0.0858192268274,19213,361.697945248,2,-1,2,0.687412211288
35.4345623552,0.110765799436,18602,374.433334777,2,-1,2,0.611380726345
39.1157692617,0.100998593603,19326,385.336460828,2,-1,2,0.562828485139
35.1216940665,0.0852940989884,18586,379.290698676,2,-1,2,0.685814531099
55.0720691868,0.0905591036134,19619,371.513245315,2,-1,2,0.619074673173
35.7592309978,0.0802392324044,18854,853.113312813,2,-1,2,0.300319215457
36.0130461809,0.0841628338584,19328,378.136342234,2,-1,2,0.563808448284
49.7130214012,0.0880836536003,19523,395.676900709,2,-1,2,0.526109375457
44.7505629671,0.099256442836,18352,361.117667118,2,-1,2,0.715349678245
42.5036959429,0.110743781945,18548,371.101269487,2,-1,2,0.731581178814
51.6767909839,0.107495813031,18899,373.56871349,2,-1,2,0.457972292844
43.78697703,0.0876546963457,19300,411.883522352,2,0,2,0.482185807769
34.3565107342,0.0854779926934,19227,370.424212464,2,-1,2,0.72685388299
37.4119471844,0.0886923898504,18766,395.083829314,2,1,2,0.558708020894
29.6155369056,0.0884676629714,18683,391.946345302,2,-1,2,0.464437486023
34.6388125052,0.0909708058779,18631,402.015162661,2,0,2,0.482053260481
35.1591989589,0.0903531323399,18878,355.8906222,2,0,2,0.745708095128
41.1728176057,0.0945799274576,19521,353.841195475,2,-1,2,0.777870843659
36.0756573147,0.0821186895935,19061,362.351422205,2,-1,2,0.726237556267
46.3762360583,0.109219281215,18694,381.53825678,2,-1,2,0.585470923836
39.8967530952,0.107479441775,19614,366.763895298,2,-1,2,0.750630301075
54.7914998941,0.119305212459,18661,352.245278679,2,-1,2,0.792265765655
35.6300524615,0.0870403634376,19147,368.073290151,2,-1,2,0.747853979069
30.2837463806,0.104502354565,18348,385.021314902,2,-1,2,0.425057524022
34.9947870041,0.106233097091,18538,360.60674602,2,-1,2,0.741515203673
38.0048220912,0.0889182690067,18523,75.1612990856,2,-1,2,0.717165905269
30.6926927972,0.0957350443556,19139,360.929914064,2,-1,2,0.712421773456
32.2588050708,0.091810200376,18885,396.488477676,2,1,2,0.489214849293
42.925727407,0.0885766535509,19078,358.036476254,2,-1,2,0.824082759877
38.9022942356,0.0887669159218,19646,349.967860209,2,-1,2,0.71127584864
32.1191971249,0.0968706682049,18537,394.9414435,2,-1,2,0.406298352592
42.7049243689,0.0921066538273,19527,391.002174017,2,1,2,0.629596612382
42.5966889875,0.0835746831089,18307,380.532676202,2,-1,2,0.771685936552
41.8752775445,0.0961769120276,18736,891.665481614,2,0,2,0.56468178584
32.5753064664,0.0933599566425,18639,393.879659679,2,-1,2,0.475858824166
46.6224502931,0.0889822600635,19258,376.577810469,2,-1,2,0.727338928551
32.8247651718,0.105540967267,18797,370.198775296,2,-1,2,0.663062957933
42.8780531865,0.0887712768196,19563,420.936562556,2,-1,2,0.494743381154
39.7291917491,0.0953456607686,19086,392.073377296,2,0,2,0.545875575243
46.2004420615,0.103152770904,18525,379.994540696,2,-1,2,0.680372142319
34.0350236498,0.0966032632734,18610,394.302118665,2,0,2,0.59161744738
41.1499151939,0.0958506253057,19382,366.184049453,2,-1,2,0.620033816622
53.1431634732,0.0919768758414,19115,375.540517533,2,-1,2,0.642997059881
24.4303841904,0.097424411464,18499,374.843422079,2,0,2,0.737894527113
40.1836250479,0.0976932547063,18831,371.46135621,2,0,2,0.701642607522
34.8046856464,0.0888604784118,18540,404.460677948,2,0,2,0.592910443244
51.8658072891,0.105056283015,18577,367.25372196,2,-1,2,0.781470934441
57.15712175,0.0979449963139,19158,358.928457132,2,-1,2,0.871139340088
35.4216210827,0.0945384833055,19457,397.798616084,2,1,2,0.527388638009
40.9276436848,0.0975308792144,18490,406.058671459,2,1,2,0.660067234902
30.3537632028,0.0957079875338,19030,382.650273406,2,-1,2,0.597853688325
49.118826261,0.0906155001075,18690,416.1221357,2,1,2,0.537863559592
40.8433387286,0.109417200398,18903,379.404676018,2,-1,2,0.613204394778
49.8637048588,0.0934111418985,19098,381.727232375,2,0,2,0.828928194177
31.3056792872,0.0915165223491,19029,373.181791195,2,0,2,0.742754438422
25.7332628664,0.108412091501,19451,357.415598351,2,-1,2,0.541189622778
31.6786818437,0.0950615452029,18884,385.844242845,2,-1,2,0.446160274679
35.7585151092,0.102257400275,19501,365.633426975,2,-1,2,0.656619565847
45.9304206312,0.0961092554174,18521,356.875677106,2,-1,2,0.884770670308
33.2697111903,0.110004877203,18813,368.54408728,2,-1,2,0.662443929449
46.0589999855,0.0930357023186,19232,402.947169728,2,-1,2,0.469046161235
45.7009159469,0.0960108158958,18649,378.94396446,2,-1,2,0.734817881802
32.3138691074,0.0959249437891,18745,374.474982215,2,-1,2,0.674625872915
23.8645650666,0.100106807621,19647,436.532742919,2,1,2,0.425175494373
46.8141066469,0.0946632980474,19128,414.034166436,2,-1,2,0.443300776468
35.3147788105,0.0890535507544,18261,369.84347209,2,-1,2,0.763195761796
58.2494910256,0.0974323551578,18436,383.62859095,2,-1,2,0.693629046321
43.5694403389,0.104546463108,18789,404.010057724,2,-1,2,0.436327126736
36.5921593217,0.09585411817,19272,379.672770012,2,-1,2,0.635977743598
41.6211888812,0.111871590776,18763,393.230752751,2,-1,2,0.520656405268
43.1449769972,0.0944990972796,18751,383.511661318,2,-1,2,0.574934115671
29.5217146187,0.0850566599756,18526,397.950069554,2,0,2,0.532147818103
49.9223908257,0.09145698574,19577,397.673675251,2,-1,2,0.614706640392
18.1850171199,0.11129323853,18518,359.038091578,2,-1,2,0.719244978856
36.3355171526,0.0944768146967,19255,379.96811972,2,-1,2,0.590004631286
42.9103400679,0.0943386622387,18517,399.771947642,2,0,2,0.510994077313
36.1880536587,0.103616733726,19392,357.859662141,2,-1,2,0.761493589618
42.4038738195,0.0850482799406,19151,382.995018169,2,0,2,0.67471127438
40.0616077263,0.112807277359,18382,406.668044534,2,-1,2,0.431843987946
32.912261932,0.114640549533,18549,404.553797167,2,-1,2,0.384157816911
34.7231875331,0.105264682894,18960,374.357511767,2,0,2,0.835002743754
33.3833907535,0.0917381101732,18359,869.049664462,2,-1,2,0.69697614049
32.2844220435,0.0873988964108,18895,842.290304403,2,-1,2,0.40939225113
47.2140071635,0.101252540894,19148,392.093936135,2,0,2,0.693232292118
40.1008459624,0.0912702957011,19074,401.712172642,2,-1,2,0.463353744494
33.0416468984,0.104592910664,18284,369.776538752,2,-1,2,0.630795862534
27.5033953853,0.0931504832393,19588,408.852653731,2,-1,2,0.418755769679
47.284887897,0.108528227168,18293,370.514063235,2,0,2,0.848765365
31.4416821491,0.0836847243231,19028,369.879116372,2,-1,2,0.721393602336
28.1634325445,0.0813215235206,18409,362.75668224,2,-1,2,0.750850834815
43.6943267723,0.095898198043,19002,396.123278664,2,-1,2,0.343453108531
37.7974479355,0.102875117824,18818,357.206789594,2,-1,2,0.776368167712
47.9910720684,0.0881681057236,19239,414.23923868,2,0,2,0.497298741718
40.8075206696,0.101647187555,19068,376.212075397,2,-1,2,0.665035126343
29.0891604925,0.0739080584313,18716,437.46854233,2,1,2,0.434685452028
37.0043529605,0.0997874614159,18592,369.640684179,2,-1,2,0.719894951341
26.9710237647,0.0744395769147,18795,384.552432631,2,-1,2,0.503416173952
26.6837221676,0.104441287845,18762,362.180124328,2,-1,2,0.701737768131
24.7426968548,0.101489277557,19166,375.680671063,2,-1,2,0.665608068384
30.5274488208,0.102082816361,18972,367.63531812,2,-1,2,0.722853815558
51.569965388,0.101336595769,18522,407.931984662,2,-1,2,0.500314021103
51.6798052786,0.100511079641,19138,379.956057774,2,-1,2,0.656230938026
46.4555413019,0.104743494311,18561,373.891465422,2,-1,2,0.695309389773
49.0109816527,0.095585648658,18498,401.154403644,2,0,2,0.656271750797
26.8318487196,0.0863763568609,19329,342.094736229,2,-1,2,0.830094992661
48.9190179187,0.110185775245,19390,414.533442114,2,0,2,0.536427034363
28.7728546082,0.0958959178848,19496,368.962309926,2,-1,2,0.713281333319
28.341605633,0.0924341843375,18484,365.739390046,2,-1,2,0.735181648399
46.1779853776,0.0866318599677,18458,381.028549791,2,-1,2,0.633170715023
41.2159556108,0.0968542465978,18907,393.783007074,2,-1,2,0.43482754953
44.2463897671,0.0799873247697,18309,368.844234537,2,-1,2,0.81878525487
39.8039627697,0.0947131864795,18912,374.557217874,2,0,2,0.731340855705
38.888552551,0.109188529347,18829,390.71194454,2,-1,2,0.577515314421
39.5892961087,0.10726489682,19048,412.508308298,2,1,2,0.526209744039
33.6806455532,0.100328529904,18589,357.459402191,2,-1,2,0.656185108737
41.2172929042,0.0874155470405,18773,372.120536042,2,-1,2,0.681709758564
33.9266297368,0.105863032993,18798,395.673033972,2,1,2,0.603458570535
45.8439095642,0.083688500016,19237,350.621297161,2,-1,2,0.685145937153
36.1574645685,0.0880994942195,18360,375.242909637,2,-1,2,0.581017319148
33.2352534889,0.106675379994,18444,332.614420278,2,-1,2,0.773981686907
27.8803765148,0.0883052424881,18622,385.015881556,2,-1,2,0.461957341057
45.4163762442,0.0884286139903,19070,337.879525754,2,-1,2,0.84672967647
34.473018826,0.0889707273083,18681,386.489227297,2,-1,2,0.45887764907
40.2569021394,0.100590392879,19626,384.67395096,2,-1,2,0.619294377123
51.3899664759,0.110282924779,18945,402.214047723,2,1,2,0.699945344178
47.7634921041,0.0905048286196,18278,382.686347642,2,-1,2,0.586875735577
36.7109740317,0.0878274849382,19419,379.049746505,2,0,2,0.719084874791
30.7980343077,0.109360757172,19319,386.267269325,2,1,2,0.69519721043
41.9475575288,0.10209719014,19497,445.573438596,2,1,2,0.480030497158
25.8554001034,0.11237069161,18373,391.394241337,2,-1,2,0.444617875584
32.9030094563,0.10289349122,18496,399.582508262,2,-1,2,0.498422431369
52.4515961123,0.0831371357229,18708,354.68610219,2,0,2,0.899720539452
35.1375222555,0.0933613297642,19251,77.2130514745,2,-1,2,0.562312792992
40.135312556,0.0878052933073,18291,396.636500306,2,0,2,0.510155746641
54.2335775124,0.0915910985855,19609,442.607691108,2,-1,2,0.50943493739
33.0937145707,0.0787232957599,19179,376.462547473,2,-1,2,0.613235203725
45.2540864397,0.0997076410151,19161,364.209806905,2,1,2,0.828133802027
31.016040968,0.103261556937,19327,418.320009548,2,1,2,0.496924486268
64.414413281,0.0832120236879,18367,404.679728209,2,1,2,0.616985139677
39.2646078857,0.103772685098,19555,371.887994968,2,-1,2,0.814946641579
32.0169468759,0.100231027633,18666,374.650731778,2,-1,2,0.644353639113
26.1496597834,0.0754319259144,18928,381.671341315,2,-1,2,0.568329208487
56.4244127266,0.0941595531719,18875,406.170221948,2,-1,2,0.536838825617
40.2563875328,0.116876071634,18395,379.403396641,2,-1,2,0.51709581074
42.7268159277,0.0898882324805,18469,371.872529556,2,-1,2,0.731473262297
54.6608533756,0.0850670684204,18516,399.073816634,2,0,2,0.594055731027
29.3238675746,0.115188892815,19571,386.424558368,2,-1,2,0.518041291534
52.9859161125,0.094457959332,18550,361.469971983,2,-1,2,0.867279418432
36.2269288787,0.0919335176603,19190,398.148878535,2,0,2,0.487620945012
49.9979204801,0.0953792028903,18747,398.99587273,2,1,2,0.655801452519
36.9907808655,0.104898191665,18786,397.113535141,2,-1,2,0.502213852744
31.8165172559,0.10139313083,19039,385.085626887,2,-1,2,0.501759047353
42.9234375563,0.0942059442909,18695,389.001845108,2,0,2,0.614325433024
33.8293902006,0.0919689279824,18742,344.389136171,2,-1,2,0.696627834498
44.9404873919,0.0794511143096,19383,341.961563206,2,-1,2,0.813341757647
36.7108619135,0.0984648559206,19049,388.427354764,2,0,2,0.61357616903
35.6239738594,0.0970893029931,18554,386.559323619,2,-1,2,0.508885312551
38.5121138288,0.103565918326,19345,341.335562779,2,-1,2,0.826537860123
32.0974292542,0.124612686553,18311,340.32029827,2,-1,2,0.838569672544
44.8954716647,0.0862410612941,18434,381.270137456,2,0,2,0.640983014844
35.5486431501,0.0832158807165,19072,362.104705863,2,0,2,0.851667981683
47.6676915007,0.091795105903,18910,374.974633684,2,-1,2,0.756561041294
42.0042049979,0.106355591254,19116,361.93062637,2,-1,2,0.741197814279
33.5328136093,0.102027197129,18638,385.806287903,2,1,2,0.60283151559
38.3841487018,0.099631789717,19459,398.438814946,2,-1,2,0.472540893658
32.4001757559,0.10568611639,19467,341.52097651,2,-1,2,0.774059855438
25.0332664105,0.10025009901,18658,377.131722563,2,1,2,0.648308881113
44.7070121017,0.0932667110643,18369,358.083343682,2,-1,2,0.764209062312
44.4817405173,0.0934372346347,19491,386.877670819,2,-1,2,0.498959313707
47.9528512863,0.10101403752,18754,399.658331281,2,-1,2,0.397131224859
34.6602089127,0.106595411912,19296,374.931458026,2,-1,2,0.557837533556
56.4760227715,0.101378135176,19318,352.511285086,2,-1,2,0.782547148535
43.6477212918,0.0955012964372,18998,403.246333556,2,1,2,0.656844121877
48.6452555896,0.0906349612939,19041,379.582595962,2,-1,2,0.658492702079
37.3290471074,0.0721732195733,19340,369.538769037,2,-1,2,0.693571384286
37.9749805692,0.0830479580783,18271,346.623929799,2,-1,2,0.797946596228
34.766590165,0.100576590202,18493,358.303285261,2,-1,2,0.735045747433
44.6982901262,0.117334098496,19435,372.300854255,2,1,2,0.717724240819
42.2160485721,0.0902752054283,18512,877.008431501,2,0,2,0.654158905349
23.7259551043,0.0967239844861,19111,345.080127022,2,-1,2,0.649027950983
41.0331381814,0.0872826757269,19252,361.309489814,2,1,2,0.84606786819
30.2942679925,0.105172755337,18932,404.18552704,2,-1,2,0.316549731092
30.6103044369,0.0928955706941,18531,430.643341663,2,-1,2,0.335819562257
28.7471187927,0.0926265404103,18346,406.801224418,2,1,2,0.488414138846
40.1105699595,0.106825719796,18724,399.233901531,2,-1,2,0.458386183486
31.7514399229,0.0858458166425,19420,379.379786488,2,-1,2,0.671642432182
37.0305084407,0.0924640833438,18630,377.043861952,2,-1,2,0.629840285944
44.8389644639,0.0851981826943,19634,368.311781523,2,-1,2,0.744071209401
30.7437681113,0.0835660927673,19445,381.001220802,2,0,2,0.602012521366
41.423696925,0.0896142174488,18570,389.099614812,2,1,2,0.631039873096
39.168274708,0.0899588456843,19582,383.005775701,2,1,2,0.561589433268
51.4060162719,0.0891614966018,19361,383.526136231,2,-1,2,0.689916067671
50.3807806186,0.102185077859,19277,371.0926082,2,-1,2,0.774919872297
35.8815503131,0.0899734718888,19403,372.204186291,2,-1,2,0.720252252267
40.2189629583,0.101129290982,18821,373.351123063,2,-1,2,0.72556463137
30.7242661838,0.0944741335572,18454,346.905146645,2,-1,2,0.670986900913
35.1518593948,0.095966103965,18712,366.144679476,2,0,2,0.787315453062
32.627199087,0.103244721257,18617,388.914172236,2,-1,2,0.62123408405
50.1662534183,0.0992282507537,19484,404.566079625,2,0,2,0.533182051721
49.7088997235,0.0874228549675,18616,343.001360612,2,-1,2,0.805425501124
49.1383404739,0.0983582986794,19230,412.023023885,2,-1,2,0.464864476034
59.4929830563,0.102233805009,19652,368.323930433,2,-1,2,0.86690772947
61.2057677476,0.0945078291119,18974,382.374022889,2,0,2,0.736670684828
42.918788337,0.108260856927,18534,399.895760997,2,-1,2,0.517487409625
28.3317956252,0.108243805852,18796,374.590332754,2,-1,2,0.5248601489
51.3523238266,0.0850775335998,19553,379.283657987,2,-1,2,0.620672238424
37.6393484324,0.0912837681553,19621,370.447386895,2,-1,2,0.719150139081
33.3147300693,0.0927837983572,18925,346.527214364,2,-1,2,0.678473400944
70.6038258576,0.0955047420377,18921,407.434424185,2,-1,2,0.599938100883
27.6657196796,0.0962619815214,19188,403.57023575,2,-1,2,0.323269317398
26.9100261095,0.0950263147786,18753,382.944535546,2,-1,2,0.442418336093
34.1873170245,0.100155947858,19488,391.638760977,2,-1,2,0.5878483038
31.3609808946,0.087807896251,19410,384.089028579,2,-1,2,0.559214597464
36.8158432019,0.100743027287,18701,350.382521904,2,-1,2,0.894674863513
42.8658676622,0.0887436767813,18732,356.17214214,2,-1,2,0.828880477155
32.786325082,0.0914442036912,19042,380.676921464,2,-1,2,0.533401243824
51.2629182101,0.0993088696285,18354,363.263795543,2,-1,2,0.804512777433
34.1943006459,0.0985663182307,19267,378.369996027,2,-1,2,0.721014619832
32.7408643065,0.111870945247,18834,350.330462594,2,-1,2,0.854157760584
25.2010109339,0.095155033321,18636,384.087063183,2,-1,2,0.478203097115
33.0164838548,0.103424973373,18756,361.117137723,2,-1,2,0.656253770685
43.3146127829,0.0976405785471,19270,387.252647045,2,0,2,0.644968909267
30.2840972933,0.116375034568,18633,373.362318706,2,-1,2,0.548885237471
37.7382804096,0.095913217675,19214,388.000757587,2,0,2,0.668684761075
23.7190411805,0.0836894465493,18581,375.667717317,2,-1,2,0.532444127914
38.9615167218,0.091590353951,19152,371.061674292,2,-1,2,0.673444920114
38.053085123,0.0937355601346,18431,402.705811787,2,0,2,0.444439867948
43.0948922548,0.0976137452572,18643,388.140114734,2,0,2,0.56672921268
40.9292064933,0.0894007336234,19253,389.724472303,2,0,2,0.522053194603
42.1341882805,0.0893075275695,18881,402.062082156,2,-1,2,0.432634775483
49.8978774087,0.0976282485942,18383,412.634057331,2,1,2,0.605219790167
38.5640929517,0.0925627306682,18591,391.318007507,2,-1,2,0.609285076411
35.3737046102,0.0912623779878,19250,393.785176736,2,-1,2,0.452232261987
52.7483895961,0.0804600591121,19010,364.094142389,2,1,2,0.91683053658
48.8140546045,0.0864724455244,19434,379.607771025,2,-1,2,0.639940812654
62.5485641815,0.101284058796,18566,395.969503529,2,-1,2,0.546504279841
41.5057849211,0.0743053553614,18989,363.702413287,2,-1,2,0.816938474909
45.2441771568,0.104298389171,19079,420.101816738,2,1,2,0.487826895171
37.3231858735,0.104408814602,19470,392.854109626,2,1,2,0.593627133421
22.5041500354,0.107380293851,19183,389.384622677,2,-1,2,0.53067904843
38.8959769297,0.0895229302933,19173,368.160432922,2,-1,2,0.750439476405
41.1469400554,0.101252625913,19261,366.896323669,2,-1,2,0.697715951484
25.6804270329,0.112257819399,18705,377.665148002,2,-1,2,0.581407662216
46.4935112612,0.0812966295808,18967,393.086823539,2,0,2,0.676511173615
31.8771230619,0.0802688294243,19112,390.872586916,2,0,2,0.612829452513
31.0094568068,0.0910515664278,18372,380.406650709,2,-1,2,0.643234443761
34.7678346603,0.0909166297981,19349,388.064464733,2,-1,2,0.551740754474
34.1804508692,0.0986650342417,19587,415.324758687,2,0,2,0.386951682968
41.8929812844,0.0951895093714,18416,378.953771219,2,0,2,0.698143954331
38.2832216689,0.105337568977,19120,385.389418035,2,-1,2,0.508224766992
41.7044895676,0.112277882596,19449,351.94441363,2,-1,2,0.730957824652
50.6979176373,0.110202764211,19557,341.34314662,2,-1,2,0.802988927149
35.7541260633,0.0862877934842,19145,400.489608295,2,-1,2,0.41595267894
44.4534462232,0.0989535357772,19124,347.120513104,2,-1,2,0.840565670077
34.901955926,0.0921114029124,19195,373.121868228,2,-1,2,0.679250965376
44.4450879873,0.0885383484923,18820,384.305843384,2,-1,2,0.569916800133
42.1677429963,0.102556072769,19155,397.083853769,2,1,2,0.437382180609
50.0641993433,0.0955398085126,18594,385.906199996,2,-1,2,0.596052707232
53.1867813577,0.101354905375,19235,373.521816555,2,-1,2,0.562805264947
36.0080888114,0.0973368264542,18793,382.031437019,2,-1,2,0.635464750738
40.7803250324,0.0983155917175,19388,375.618718253,2,-1,2,0.697598967606
33.4580798388,0.11567906861,18723,368.135342804,2,-1,2,0.614958692578
50.6716135761,0.0967708151232,19531,371.929219392,2,0,2,0.734978517639
40.2922283581,0.0984190743067,18287,369.283315181,2,-1,2,0.676060708326
35.3983178807,0.079952311426,19475,421.167768277,2,1,2,0.492441284908
36.6421909971,0.102027683008,18684,353.249581496,2,-1,2,0.793515806904
50.5194012323,0.0890834310251,19284,385.291279457,2,-1,2,0.601129820572
29.8444618841,0.0986004612342,18321,372.584564204,2,-1,2,0.619779755382
33.9922924639,0.106227903682,19238,359.563399951,2,-1,2,0.788807778018
54.1077103527,0.0969071003282,19302,411.370806467,2,0,2,0.603770830936
30.2952408051,0.103637730746,18782,381.804488963,2,0,2,0.710667711008
41.9671135164,0.100855817638,18623,412.53843581,2,-1,2,0.420593365969
44.8137570496,0.102861624658,18379,72.0350827823,2,0,2,0.751908217062
46.6051912088,0.0988406401538,19429,389.23566403,2,0,2,0.712278715028
57.1457502936,0.0923666074671,18558,375.530554096,2,-1,2,0.756761316401
61.6135081067,0.0975964812195,19623,382.325569624,2,-1,2,0.790801846866
35.5836390953,0.113377778865,18568,402.501987409,2,-1,2,0.386027736959
48.2525375328,0.0993213440808,19216,370.723441144,2,-1,2,0.757052059548
49.7234574174,0.100652786425,18725,387.085101375,2,0,2,0.736165757547
34.6364667405,0.0939303951516,19389,393.757518077,2,-1,2,0.573566672049
36.2599762386,0.10573822021,18620,74.8973667905,2,-1,2,0.451514405781
28.2523563844,0.110027214974,19395,391.297767613,2,-1,2,0.466660533111
40.3986938433,0.0846608916782,18467,398.426394352,2,0,2,0.59020948922
34.4075662052,0.102820713207,19490,343.928684246,2,-1,2,0.695710984246
34.6811810028,0.103020698058,18500,422.762013655,2,-1,2,0.372847356686
41.2344207072,0.0959732461844,19241,412.700163949,2,-1,2,0.393339442493
39.5305757663,0.0982809820039,18731,785.968556635,2,1,2,0.599176404094
46.4784792449,0.0943475292989,18562,390.775072465,2,-1,2,0.489276373194
57.2960047465,0.0991552891352,19043,411.206783452,2,-1,2,0.556263113106
38.5004643194,0.0988852117521,19618,388.228190508,2,-1,2,0.648826226686
38.2973079915,0.106492504429,19411,401.465342138,2,1,2,0.532076490284
48.6152517019,0.0899045744059,18930,379.84121658,2,-1,2,0.681350027763
38.4868233556,0.0964598984791,19526,362.297236411,2,-1,2,0.816161420972
47.7599073582,0.0971697178594,19545,378.236754562,2,-1,2,0.654677780393
49.6514076846,0.0953396860564,19645,374.722426192,2,-1,2,0.638654604707
34.8753456596,0.090047449019,19561,387.332463803,2,-1,2,0.440397162128
30.6557341802,0.0993209300828,18815,399.152426508,2,1,2,0.47518504033
34.2188514502,0.0892742739014,18852,377.146629566,2,1,2,0.742652321772
39.5297182515,0.107222695967,19540,359.433463924,2,-1,2,0.77993404112
33.7216847708,0.104046256438,19123,375.707901422,2,-1,2,0.652730390251
29.8816145373,0.100866927522,18371,381.453282279,2,-1,2,0.599404323294
39.1925226351,0.0834647342687,19201,398.830616477,2,0,2,0.642269359069
46.9572254249,0.0994601036367,19060,360.870264268,2,-1,2,0.742051958761
39.163980906,0.0854100905168,18868,416.858932785,2,-1,2,0.329765887169
60.5755687312,0.0941387728466,18619,394.68859044,2,-1,2,0.592413247331
26.0143163713,0.0932617012163,18784,398.079061367,2,1,2,0.574971783244
39.8314483447,0.120009285231,19050,409.981828895,2,-1,2,0.453054609058
38.0265202996,0.0951733038714,19489,369.858631857,2,-1,2,0.706089358588
35.1143908943,0.114854882439,18746,385.083336912,2,-1,2,0.5941812198
36.0263832631,0.0996643408923,18653,372.148070756,2,-1,2,0.704128031166
54.4564480203,0.0952714090507,18459,361.297885594,2,-1,2,0.753622924752
48.8332719722,0.103942983153,19118,384.160736485,2,-1,2,0.660953547276
29.4172049819,0.0898044109661,19604,392.381740101,2,0,2,0.542004580904
27.6416579725,0.0894002939788,18935,375.770669464,2,-1,2,0.417256369717
69.606960898,0.101316080185,18990,405.897190416,2,-1,2,0.570648328519
29.1874463911,0.102264159479,18781,391.175723834,2,0,2,0.531148037833
38.1566606555,0.0779704069847,19198,379.872269523,2,-1,2,0.664339715836
34.1742353829,0.0908100539851,18605,369.730328616,2,-1,2,0.601249240546
62.0059564687,0.0936136946066,18823,418.169035093,2,1,2,0.533243253871
56.1316501189,0.0946515027689,18896,358.217076014,2,0,2,0.851962562179
48.1957570839,0.0806194390893,19127,334.486253994,2,-1,2,0.773256060319
32.2448468073,0.101947811567,19172,339.175953176,2,-1,2,0.773650536489
35.332247521,0.101547850564,18384,394.933261409,2,0,2,0.559698080882
37.1945925045,0.097030276737,18466,400.085792272,2,0,2,0.547718094694
28.8107138993,0.0942046260622,19007,429.455327068,2,0,2,0.409605574984
31.2962329065,0.104471474401,19357,362.581872148,2,-1,2,0.622262617989
28.1497056228,0.0912121696348,19204,78.0512164046,2,-1,2,0.719914794219
43.0366570837,0.104005102599,18737,390.327968023,2,-1,2,0.511477796264
36.737783863,0.0989675941584,19507,347.928548504,2,0,2,0.87194418129
21.0078466688,0.0763569070796,18557,385.312374239,2,-1,2,0.419823542664
42.8336965369,0.0711587871666,18453,387.552962752,2,-1,2,0.579418055417
43.347476672,0.0984180384455,18587,372.97862297,2,-1,2,0.625482730264
48.4184918995,0.104675000727,18860,374.366865252,2,-1,2,0.80883261396
40.2184282932,0.0910961056533,18555,848.659019233,2,-1,2,0.711726160175
44.2662130949,0.0850232957891,19644,372.312589407,2,-1,2,0.709355187784
30.5721797146,0.0881929202762,18980,378.401086867,2,-1,2,0.693433322045
43.4107805691,0.0890938833834,19576,62.1621996557,2,-1,2,0.622613830963
39.4951835776,0.0881416023661,19654,393.094170743,2,-1,2,0.604322789628
38.5179849776,0.102758922205,18780,373.753402431,2,0,2,0.735392167105
48.3642098771,0.0960296854637,18601,357.658538727,2,-1,2,0.799365062635
36.2088318443,0.0825716875473,18337,356.55516875,2,-1,2,0.831595560029
51.0353889647,0.102671061165,19291,386.673421437,2,0,2,0.724815765482
40.917901703,0.0864770867488,19077,402.749117857,2,-1,2,0.452654413616
54.1031232023,0.0932608611308,18970,349.600264552,2,-1,2,0.780888222425
31.922392213,0.0867864141932,18294,379.810692726,2,0,2,0.679252615771
35.8262292766,0.108068702418,19020,359.579237773,2,0,2,0.811063735278
47.7431471607,0.0911275206352,19633,364.641348459,2,-1,2,0.839848208179
64.9840822746,0.0956480929065,18832,385.194121692,2,0,2,0.773735068584
38.2607751698,0.100576182033,18565,396.553036842,2,1,2,0.580767153233
50.9986952043,0.0915948237079,18655,424.900372368,2,1,2,0.64454151581
67.3427551235,0.0983883878939,19594,360.03245433,2,-1,2,0.846809031569
38.5939218762,0.0960381234301,18267,383.36823252,2,-1,2,0.597202454504
31.1457649183,0.0937254899969,19091,400.603037761,2,-1,2,0.401652731096
40.2619755501,0.0896523479206,19351,395.330817765,2,-1,2,0.52817604141
38.860065595,0.0850083202014,19440,391.494699178,2,-1,2,0.432689511755
58.0446064723,0.0875390022764,18304,389.408106536,2,0,2,0.574055841898
67.5027249396,0.214099112171,19615,74.1585011486,3,0,1,0.700718729278
70.4729435551,0.215419206407,18671,77.4135210319,3,0,1,0.62946424713
54.6777810455,0.207076314625,18365,74.2449830787,3,-1,1,0.684393495711
43.8291304649,0.250941728136,19209,73.591681725,3,-1,1,0.537716764001
56.1455587016,0.17319865529,18316,72.9114533283,3,-1,1,0.512508197716
56.6317597008,0.214790533444,19311,82.2158553518,3,0,1,0.500491143909
44.4704175961,0.20193117723,18828,73.7439626726,3,-1,1,0.580603742933
78.3662210884,0.261813834713,19249,71.0618396511,3,-1,1,0.868023316712
69.1849534771,0.188034084058,18670,76.2739277336,3,1,1,0.765866058534
74.7419925268,0.20488711183,18703,77.1069224778,3,-1,1,0.562430730455
52.9243335626,0.19470262617,18908,71.257964373,3,-1,1,0.678782379537
67.6959851326,0.259202912308,18845,64.7332704759,3,-1,1,0.802101368737
73.2939779091,0.19410418758,18859,78.7159943187,3,-1,1,0.528819509259
65.652798978,0.223052945188,18417,70.9838424716,3,-1,1,0.743966344599
44.7712246724,0.241100635592,18411,367.821565833,3,-1,1,0.62796168673
51.6575655569,0.216111379866,18862,77.3117013801,3,1,1,0.445963884127
59.3894118363,0.200881524143,18583,72.1827276668,3,-1,1,0.556524317293
80.6685853059,0.199678967475,18844,78.4397530832,3,-1,1,0.697670317401
49.4719252551,0.193182424143,19635,73.3199609757,3,-1,1,0.551406629029
52.5311167645,0.254179046498,19107,76.0424160489,3,-1,1,0.408307435087
53.2592540535,0.189946835933,18775,77.0399721814,3,-1,1,0.440524687144
69.567851769,0.21024864916,18563,80.4006576661,3,-1,1,0.554574655833
43.8804340514,0.240434460564,19011,70.5040417195,3,-1,1,0.727644049981
47.8524800031,0.203283501975,18317,71.2415065736,3,-1,1,0.619717893242
64.2120991516,0.198036675387,19337,71.3960518944,3,-1,1,0.759734712267
53.3393637086,0.191885269778,18642,79.2767531586,3,0,1,0.430793109202
50.96305139,0.258093401462,19180,77.3877660105,3,1,1,0.58068590715
68.6985855456,0.203743764454,18461,73.0192028644,3,0,1,0.766318013136
72.3868664576,0.20233158895,18830,70.4620111556,3,0,1,0.898640982433
60.4270648197,0.184633964206,18502,75.3815601664,3,-1,1,0.527358057454
42.1568830742,0.222529454487,19578,70.8472715758,3,0,1,0.648608776836
78.0380632796,0.249144432641,18341,73.6865912817,3,0,1,0.716233355155
85.9248550982,0.232775729925,18609,72.9967881583,3,-1,1,0.783802658743
62.2051894349,0.193815049279,19095,80.1398133102,3,1,1,0.540572716677
66.9089101524,0.249248841075,18905,73.6172165974,3,-1,1,0.598423988734
57.4028177467,0.209683540795,19657,73.7901391958,3,-1,1,0.661866008875
59.0897656522,0.198374472033,19065,907.22471506,3,1,1,0.547044948649
63.5880966892,0.223920531141,19558,71.6841004345,3,-1,1,0.763585556477
57.3857198416,0.200876340999,19121,910.237657921,3,-1,1,0.650411628579
72.9295494586,0.244829491514,18662,74.0217732468,3,1,1,0.851286291691
55.3013086152,0.205340215956,19367,69.6632258886,3,-1,1,0.779899642152
59.176630508,0.256032898358,19122,73.8941110063,3,0,1,0.781833261463
58.7047379245,0.232801694673,19567,76.3712852574,3,-1,1,0.432771693231
53.2618087203,0.230340248059,19541,75.7209347067,3,-1,1,0.522438874405
52.8477483144,0.187631714227,18471,76.2912644797,3,-1,1,0.471180759525
78.9267376659,0.211121228341,18700,75.4676403554,3,-1,1,0.593268741433
57.0352308532,0.210225106328,18391,75.6545276437,3,0,1,0.512521887879
67.0534095421,0.232679677319,19534,72.1845821317,3,-1,1,0.667362301491
37.3909479597,0.228627861563,19146,71.4116399242,3,-1,1,0.469229826547
63.9100613608,0.192150586946,19460,70.9300804437,3,-1,1,0.758836009807
65.5139589833,0.229607740153,19276,75.1341494442,3,-1,1,0.702061243299
53.2475788519,0.211257361764,18421,78.9971636362,3,0,1,0.509811583546
62.9260538161,0.228961235061,18806,843.474740538,3,-1,1,0.541217970767
56.6105843092,0.187472309975,19083,77.5239179655,3,-1,1,0.495171563269
47.8383387926,0.220773080899,18855,72.4874521443,3,-1,1,0.573688112148
68.0614508762,0.245458478575,19242,80.2594561629,3,0,1,0.477905826407
62.8385801998,0.171793456261,19035,79.8743036941,3,1,1,0.618043221473
55.2655220312,0.240824604468,19033,78.8278236096,3,-1,1,0.401636176408
76.2106143625,0.238951523923,18266,74.4017445703,3,0,1,0.750911409804
43.3607675289,0.229463288321,18576,69.8402856083,3,0,1,0.686245397473
59.2249888332,0.221697180246,18437,69.8647342228,3,-1,1,0.823729490994
57.2258264954,0.1859864985,19493,72.6809168978,3,-1,1,0.681247999735
76.4521008544,0.23022939604,19149,86.5135396712,3,0,1,0.585154915266
73.283048733,0.253191680955,19431,72.6812633964,3,-1,1,0.621172094803
70.7190881962,0.22048700072,18682,74.3695208454,3,1,1,0.810126023584
63.2248684942,0.254985047355,18443,70.7715043763,3,0,1,0.820463369508
63.1532118653,0.226493864154,19229,75.5960193884,3,0,1,0.733924547327
34.0168610322,0.217636318544,18706,70.1413745402,3,-1,1,0.579131910692
58.3851493688,0.220974439409,18997,80.7548431823,3,-1,1,0.499687334196
46.0844601484,0.240024238465,18323,70.6686804474,3,-1,1,0.673261154081
47.5329551117,0.203432029759,19574,71.576216329,3,-1,1,0.670386693791
70.0676128181,0.236135687632,18800,75.7355111186,3,0,1,0.689702139009
43.3622707024,0.208214726396,18529,74.0609447791,3,-1,1,0.506035506348
69.8635476362,0.25796488572,19054,73.2591850148,3,-1,1,0.66991556905
67.2194076495,0.242314986625,18891,76.371386495,3,-1,1,0.592502668
54.9381718066,0.213771816023,19637,80.665171567,3,-1,1,0.44295326807
87.2668231945,0.194208533437,18338,77.5877433246,3,-1,1,0.716790711514
53.0576887343,0.272022466741,19013,746.037497179,3,-1,1,0.711382078526
58.2482766699,0.224864474863,19471,73.1635012096,3,-1,1,0.572133110327
48.323088903,0.22371699028,19514,72.0373999099,3,-1,1,0.5482696984
66.8002450953,0.247639643982,19506,75.7901633745,3,0,1,0.798344200047
52.5971139769,0.245222041941,18718,74.5865833817,3,1,1,0.580536682675
55.4537468029,0.173292849821,18463,71.5759657193,3,-1,1,0.700000510465
65.046125868,0.251051085869,19455,77.8618986521,3,-1,1,0.604595879033
38.0488908746,0.202121687686,18541,75.6843552698,3,-1,1,0.382953300281
57.1988784354,0.248430895402,18968,71.1617154189,3,0,1,0.682855405253
46.2220914754,0.251226102045,18422,69.109524989,3,-1,1,0.572435371085
78.4213991952,0.196534466595,18497,73.1902917405,3,0,1,0.863291068695
57.7466756937,0.210227528602,18464,71.0555093909,3,-1,1,0.630944563575
66.9551331041,0.232496111369,18479,68.9011190613,3,-1,1,0.825105112473
56.5366042502,0.218465172229,18314,67.071468258,3,0,1,0.847199755356
43.0113205151,0.227271964527,19649,71.9213614874,3,0,1,0.627637336256
63.7544863328,0.239691120177,18779,79.2229707027,3,0,1,0.560719887298
57.5381242618,0.211863275409,18357,82.3001815825,3,1,1,0.571234092162
48.716182864,0.171822928941,18673,69.3520231065,3,-1,1,0.758776792241
56.6471193715,0.217743649778,19175,68.5521835284,3,-1,1,0.863241933353
70.1033526074,0.238473463875,19359,76.8502445717,3,0,1,0.685856368753
49.372864007,0.236017471576,18988,65.8896751176,3,-1,1,0.786169346007
45.3093398018,0.179000081718,18318,73.3673438181,3,0,1,0.613392491993
57.3111609523,0.254627362655,18847,75.4929026863,3,-1,1,0.526564570829
54.2711451496,0.239352956512,18380,74.8847142834,3,1,1,0.686142593772
68.6982886375,0.20705415788,18599,77.6864981514,3,0,1,0.510015716715
67.6505571191,0.17822235618,19538,75.8808499323,3,0,1,0.684125431656
73.8975758912,0.220818827439,18264,72.0099839829,3,-1,1,0.805191553009
50.7279861501,0.24207256934,19536,72.0817484421,3,-1,1,0.619892127289
43.7320828322,0.24331851696,19404,70.5265412796,3,-1,1,0.735780297898
61.6433881642,0.227125529897,18944,69.6235458962,3,-1,1,0.748550984703
55.2154774702,0.233613381005,18410,71.2381531882,3,0,1,0.788385152858
45.7520632175,0.22447385001,19273,70.3078144422,3,-1,1,0.60229842007
63.4192121493,0.252527125834,18804,79.7061865946,3,0,1,0.678712637508
54.7707189013,0.228264031685,18545,72.4999142667,3,-1,1,0.648965217478
50.0311837756,0.209825924175,19394,76.2762859978,3,-1,1,0.485823613016
75.0299252427,0.222759015737,18641,83.3397779558,3,0,1,0.610890777797
59.2663626707,0.234452977649,18390,75.8692270924,3,-1,1,0.457801723418
69.6261401347,0.226936068356,18827,70.6417530167,3,-1,1,0.801009293007
61.0132035683,0.206488794597,18717,82.8065554356,3,1,1,0.516187853365
69.2116293438,0.222511022542,19217,73.0083458151,3,-1,1,0.537533572176
54.391503243,0.238308563952,18355,72.3633541858,3,0,1,0.702228499611
46.0529422707,0.198414176202,18807,70.9677506205,3,-1,1,0.706940060147
60.4488715219,0.244555675741,18744,70.5471273985,3,1,1,0.860900997751
51.5961410063,0.216218122573,19520,75.3953946066,3,-1,1,0.428128613628
57.4069386653,0.188532997698,19308,69.3134659399,3,-1,1,0.722224541368
55.2156270569,0.1741594644,18263,73.5659848504,3,0,1,0.653485645967
49.1032723501,0.205111885637,19298,74.7668264261,3,-1,1,0.483732842825
63.8727324371,0.206161567636,18741,72.5966413655,3,-1,1,0.694919271634
49.8531383515,0.243190039312,18637,72.1392338227,3,-1,1,0.634357953207
79.6251776884,0.23661523499,19264,84.1687819904,3,0,1,0.641208253488
75.7799665914,0.203479055425,19482,78.2678323412,3,0,1,0.641351068205
64.2787805409,0.198957336141,19369,71.929056108,3,-1,1,0.626941966258
78.82134915,0.258898992305,19485,77.5444845662,3,-1,1,0.599450386606
74.7617286512,0.215458479895,18446,72.1129181998,3,-1,1,0.779383597093
81.0399404062,0.22028675114,18839,82.5990539245,3,1,1,0.581411879637
50.4339714958,0.248729420617,18342,74.6458127803,3,-1,1,0.638346412576
47.2162089693,0.238043729455,19548,75.8299550221,3,0,1,0.550113811279
68.1002694311,0.234910969702,18579,71.3640092413,3,-1,1,0.797996814898
62.7205514856,0.209654326392,19342,75.9722206277,3,-1,1,0.519357087053
58.5877688449,0.251199824558,18879,78.3824413381,3,0,1,0.508051092823
54.5778686519,0.208701101693,18801,71.3904398261,3,-1,1,0.600741048151
43.4928642556,0.190087564461,19287,73.6437634484,3,-1,1,0.548606045661
82.601459707,0.217113381298,18865,73.0500964033,3,-1,1,0.767398067634
70.7472122366,0.241548661914,18810,74.1076517422,3,-1,1,0.70612636149
63.7851085904,0.228976934533,18315,63.6929803806,3,-1,1,0.724894838204
56.8394657486,0.21804717909,18947,72.3624477073,3,-1,1,0.562833417742
37.7194361661,0.260310755857,18604,70.6481513324,3,-1,1,0.592727546436
75.5692278993,0.233841587817,19089,75.95404218,3,-1,1,0.642881123953
64.6327895347,0.235259072804,18501,72.2917889169,3,0,1,0.722417079078
71.0844519875,0.251207204577,18748,70.846580498,3,-1,1,0.670665493662
52.1453855623,0.205733342385,18760,71.9423935067,3,-1,1,0.747273389889
62.2684025514,0.272268104554,18939,70.7344797611,3,-1,1,0.683715986959
65.4914476757,0.230659636049,18350,75.1703692954,3,-1,1,0.624656488774
85.7099671199,0.1870229703,19370,78.9052680944,3,-1,1,0.527237585829
54.6080279921,0.227388901917,19192,75.2031888991,3,-1,1,0.561606717573
75.1835096789,0.229087062309,19136,72.6219487659,3,-1,1,0.75082968331
81.1251608498,0.246902462518,19297,74.4168311131,3,-1,1,0.748858296561
93.7202756224,0.232028518831,19358,72.5586481839,3,-1,1,0.737813549254
55.682973196,0.219791200296,18808,63.9841954508,3,-1,1,0.815051370476
50.760450762,0.275968517046,19381,401.325675754,3,-1,1,0.617490057282
65.6922857793,0.23658210847,19056,70.2124389915,3,-1,1,0.839497156129
62.8971300814,0.251786402631,19401,75.005378435,3,-1,1,0.518638714282
71.6771405362,0.259505687964,18628,75.503039862,3,-1,1,0.593873951313
62.579014787,0.2464399724,19109,78.2748250611,3,-1,1,0.534672645555
56.1624212169,0.241260402611,18277,74.0418580972,3,-1,1,0.569706263766
59.9379870443,0.223831485877,19433,73.9840945129,3,-1,1,0.692332069544
59.2228378551,0.22484204152,18483,78.7914255627,3,-1,1,0.401260999956
53.7729828915,0.248866947609,18659,74.8365531521,3,-1,1,0.598518732422
69.0173970628,0.213139171012,18564,73.8085074422,3,-1,1,0.707223156936
76.9236039615,0.194366110115,19202,76.0362979761,3,-1,1,0.693021806766
63.3039516777,0.234188948638,18752,72.9845825835,3,0,1,0.818898918726
57.1544004692,0.192019347822,19360,84.8046228548,3,1,1,0.584094764095
59.477717384,0.233497095391,18917,76.8937810756,3,-1,1,0.500029694607
55.830292921,0.240960599058,18593,71.6281663327,3,-1,1,0.687817453967
61.8303704539,0.197972338932,18863,75.120826385,3,-1,1,0.508647057134
71.6088173835,0.189993414748,19018,71.4973183811,3,-1,1,0.803913077922
62.6031572741,0.221256785712,19438,69.8094561046,3,-1,1,0.747927745949
53.9779683627,0.213136361102,19197,71.1337878984,3,-1,1,0.553553512026
77.7115526074,0.248308697453,19331,71.4841148114,3,-1,1,0.823287002062
59.5925087067,0.213615689896,19624,70.3679576476,3,-1,1,0.856153851342
39.6912403959,0.227007638924,18535,389.408395684,3,0,1,0.515936344284
63.1861680822,0.228967363262,18652,73.4977499327,3,-1,1,0.628513892979
65.6941335267,0.247206147658,18440,76.9479884258,3,-1,1,0.479635841554
66.5385129173,0.203532922846,19141,77.4685435838,3,0,1,0.572580557024
64.0505124445,0.237094522193,19628,74.2212982328,3,0,1,0.750277358654
38.513908877,0.238875159674,19454,74.3508018117,3,-1,1,0.459240862952
53.4926681767,0.202226226864,19024,78.3298889432,3,-1,1,0.507429477172
44.685820889,0.235335674019,18528,70.0047029879,3,-1,1,0.637040029541
61.4686889469,0.232227030622,19591,70.0752249179,3,-1,1,0.79707428202
61.3701117617,0.232867109601,19305,73.2193310954,3,-1,1,0.695722847775
52.7382549423,0.247531318375,19100,66.4097794595,3,-1,1,0.785189612393
57.4210851566,0.25657597595,18603,72.9588993785,3,-1,1,0.589767152905
71.0152924369,0.23652574579,19110,69.1926046389,3,-1,1,0.87460905545
60.7284007586,0.206650227125,18931,71.2455298112,3,-1,1,0.697332726274
66.3576340886,0.245684079551,19422,74.4995969103,3,-1,1,0.61128056482
56.6854755264,0.21240573441,18900,73.3882581461,3,-1,1,0.67503221556
66.9511616871,0.235217375589,18295,75.6100826431,3,0,1,0.535975367798
67.4552696816,0.223640049385,18778,66.8173341207,3,-1,1,0.844013806903
57.4695091653,0.248578835885,19595,76.7106402566,3,-1,1,0.491068971943
55.9837470766,0.237416393841,18765,75.1814467962,3,-1,1,0.554014796746
54.1461052364,0.218696626486,18393,68.6491045617,3,-1,1,0.808715623879
75.8688402008,0.201758503125,18848,72.7920454355,3,-1,1,0.706272923157
54.1474472191,0.232448779137,18450,78.397345311,3,-1,1,0.377941500086
57.3534116897,0.232732018059,19542,77.491699664,3,-1,1,0.450871063565
55.6458428347,0.23937042928,19643,74.576834031,3,-1,1,0.640870696869
49.1617911827,0.256196077112,19528,66.7765399507,3,-1,1,0.631365626008
61.9316575879,0.23058334664,19037,76.1043419482,3,-1,1,0.460627997746
53.7580686643,0.204310094641,18987,73.8156323292,3,0,1,0.612901684947
61.8783729026,0.242316824261,19630,71.8212541583,3,-1,1,0.689964902611
50.4287190334,0.221200082816,18584,73.2590936242,3,0,1,0.641983697844
53.5055134849,0.201377118335,19096,68.2166331611,3,-1,1,0.832318108913
67.5520897949,0.247774369463,19607,77.9104054799,3,-1,1,0.578237792092
50.9377499899,0.192317579087,18934,67.6102763572,3,-1,1,0.753429525604
57.0203019749,0.219162827519,19510,73.5400566305,3,-1,1,0.600257074213
50.8380702516,0.216801351063,18982,68.6209701756,3,-1,1,0.711911165761
65.1815903521,0.225863897154,18363,73.7327845326,3,-1,1,0.663793990295
45.5922676746,0.226434827132,19119,74.2397293071,3,0,1,0.548190977131
57.6988919969,0.191207626785,19622,71.8666833108,3,1,1,0.709454944569
65.8034721647,0.151964479161,18485,75.2320247364,3,-1,1,0.561301039204
71.0799083261,0.204975000372,19084,370.268762954,3,-1,1,0.671882027422
52.7693784804,0.261939738848,19439,76.2286117269,3,-1,1,0.446650612363
50.1170657178,0.198470376013,19058,68.1789613486,3,-1,1,0.677177364555
56.6611130102,0.17569153917,19142,75.1913942767,3,-1,1,0.534539488921
60.7242521987,0.189000919136,18405,69.7242497423,3,-1,1,0.733279524771
45.4452413488,0.195531747889,19171,70.6747495913,3,-1,1,0.696058271169
87.0427377218,0.233422475388,18817,79.5523595338,3,-1,1,0.58739366678
44.8422461487,0.251715968001,18429,68.4361082331,3,-1,1,0.672454135096
65.1879439527,0.206312772247,19372,66.5251438565,3,-1,1,0.835454842207
39.3818188421,0.243194610183,18824,69.3079590577,3,-1,1,0.64948603826
59.0475155466,0.241700244602,18262,68.4186520329,3,-1,1,0.698436459179
43.2478971134,0.212574754054,19364,77.3945849913,3,-1,1,0.297383904778
67.9665283398,0.207882093437,18281,75.6879230326,3,0,1,0.698507726333
61.4431696056,0.218887317096,18596,74.4601974678,3,-1,1,0.608262942485
43.7961363925,0.23196341973,18551,64.8930303575,3,-1,1,0.712717260971
68.6270265956,0.222536265171,19076,78.4733420153,3,-1,1,0.520915796197
42.9883438911,0.213849407111,19285,79.7836145098,3,1,1,0.427711488237
54.4403628608,0.232103607204,18511,69.8414560824,3,-1,1,0.722417893916
58.8040755528,0.184115736486,19500,72.8002164479,3,-1,1,0.667276446293
53.4923106476,0.200616565044,19266,73.9755384073,3,-1,1,0.572238629916
50.7608768466,0.223615664969,19515,76.6397935255,3,-1,1,0.497976362115
70.8254064158,0.185915724303,18715,76.1221090109,3,-1,1,0.673312941975
54.3272095103,0.21698423766,19464,78.8939658228,3,-1,1,0.400567076251
68.8375245735,0.243059677285,18520,73.0277833663,3,-1,1,0.781195149302
59.2706577344,0.201918549448,19399,397.807476258,3,-1,1,0.749497236139
55.9494262513,0.205363337605,19406,74.9321225843,3,-1,1,0.543158724576
54.6040455727,0.207368059478,18560,76.7831235078,3,0,1,0.531088252664
52.3508151298,0.248907659822,18926,76.8523401164,3,-1,1,0.41804062609
75.686382,0.25082574259,18846,70.313254084,3,-1,1,0.793592887127
74.5690336442,0.242799507303,19473,82.6095814402,3,0,1,0.603224934044
69.571376277,0.187399097693,19200,66.9928623039,3,-1,1,0.87076805833
63.7608225454,0.231972158683,19301,76.6394397874,3,-1,1,0.635227456018
64.4692135612,0.171803799597,18657,73.6326357559,3,0,1,0.783490874278
44.4672313232,0.19164089418,19038,861.597823592,3,0,1,0.514259142619
53.6230810079,0.268310312361,19262,73.8341648282,3,-1,1,0.569411437518
81.6828578543,0.201583400267,18627,71.4133024865,3,-1,1,0.745895754717
50.2924695056,0.210287478238,19579,72.1875316172,3,-1,1,0.631778341046
104.614864894,0.196454898308,18966,77.4624853557,3,-1,1,0.667657868579
44.7085832159,0.226305946505,18302,68.8146303338,3,-1,1,0.629148187923
67.1690273672,0.182953998274,19384,78.5192946846,3,1,1,0.679745796792
41.0808358786,0.215847562338,19570,67.6116309912,3,-1,1,0.722783457783
61.3620643233,0.252352536481,18679,76.6519079662,3,-1,1,0.534232403334
49.3618576276,0.242397221606,18973,70.3900598647,3,-1,1,0.656315353794
42.652932318,0.204613114544,19174,70.9931934887,3,-1,1,0.605897096181
74.8903963208,0.217977192994,18739,833.424851852,3,-1,1,0.851885821249
53.4848571189,0.213280832633,18984,74.2731074984,3,-1,1,0.584001080726
63.3062973515,0.253734635612,19603,67.2128277573,3,-1,1,0.800320501654
95.1000350881,0.23295987499,18476,72.0467554274,3,-1,1,0.842908349357
58.9566694921,0.216660112413,19211,73.2748259636,3,-1,1,0.53321754364
44.4944087663,0.203698503737,19223,69.0503942246,3,-1,1,0.716376608723
70.6326961894,0.255309053401,18933,79.3183443025,3,-1,1,0.551382564026
62.2027632906,0.268584623081,18407,74.2623324889,3,-1,1,0.666788552139
64.7451965417,0.246819196667,19347,74.5624569287,3,-1,1,0.632079472423
55.9532494596,0.246832721395,18414,79.7097441232,3,1,1,0.544159033386
58.6549437972,0.208519391077,18770,67.2569190462,3,-1,1,0.67944322563
50.7539394213,0.261436176906,19583,68.8854261633,3,-1,1,0.674598019761
58.891976448,0.214266433791,18805,80.2274189181,3,0,1,0.610730022597
49.5181978667,0.235866368191,19125,69.4825782518,3,-1,1,0.730762897782
58.0670184667,0.254605181434,19554,71.2129548415,3,-1,1,0.761119355023
42.0706707398,0.232859387046,19396,76.3409838665,3,0,1,0.483777928206
57.0661924485,0.234289437957,19397,73.9604977614,3,-1,1,0.531185690125
64.6170134382,0.218539680166,18758,75.5195318692,3,-1,1,0.604060124392
90.8476035538,0.225507078053,18615,80.3677227675,3,1,1,0.675588227149
57.941361182,0.266314063319,18543,68.7497064047,3,-1,1,0.787811139081
64.3014252821,0.213061963173,19245,78.0584967055,3,-1,1,0.55860242414
48.3754436464,0.203118973548,19208,79.1613657462,3,0,1,0.510335764347
58.7491135771,0.202900981744,18674,69.8697598354,3,-1,1,0.710508373422
57.9539330936,0.210069576579,18678,70.5408316548,3,-1,1,0.8178437114
70.5270962006,0.206425779486,19373,72.8339380664,3,-1,1,0.753963436778
54.2460087217,0.222944501768,18624,64.4650551687,3,-1,1,0.648158290892
50.8291285703,0.247673003475,19303,78.1057299999,3,0,1,0.554428356902
54.1663070022,0.21662933388,19631,74.3585187989,3,-1,1,0.52851541005
72.4528359874,0.166650693677,18792,398.305604206,3,-1,1,0.654295802363
54.1368652995,0.212579654403,18956,875.686141267,3,-1,1,0.743583851043
43.9412803662,0.249714749313,19365,905.390344282,3,0,1,0.718509807114
59.6199365533,0.232685340691,18606,75.6963036115,3,-1,1,0.533340445681
57.6075151964,0.246568199631,19584,81.7641825203,3,-1,1,0.303823137474
63.3552806556,0.232619359698,19469,74.3499575282,3,-1,1,0.66114271661
59.0820503406,0.202219468739,18452,74.0163633598,3,1,1,0.676041916993
52.1581975934,0.259404881807,18378,64.8786526388,3,-1,1,0.77372391112
76.437151553,0.21189872551,18957,77.3678826348,3,0,1,0.730005263992
71.8335353666,0.191735309501,18814,69.4460419744,3,-1,1,0.85868889659
49.5405849738,0.214756462401,18283,67.571926588,3,-1,1,0.670530055409
58.4447239439,0.178653939665,19398,74.2900951672,3,-1,1,0.613633238254
68.7863780646,0.23303304787,18669,79.117148279,3,-1,1,0.377691904672
44.9032816778,0.213173737395,18992,68.2161707789,3,-1,1,0.542722003326
59.1186366788,0.228735638966,19602,69.424740234,3,-1,1,0.722296443701
59.9184753417,0.194483175609,19093,74.909565711,3,-1,1,0.637913160882
78.1957531237,0.248485684381,19441,72.6852977345,3,-1,1,0.755741677393
74.9012698303,0.244951679675,18394,78.6340340282,3,0,1,0.687709747196
64.2865460638,0.190883780648,18574,69.7963596784,3,-1,1,0.694137749078
51.3415822299,0.264674264103,18275,69.1955075716,3,-1,1,0.6411722055
56.1256900051,0.245412023047,18707,69.8876472314,3,-1,1,0.603599252289
47.5489791013,0.210550743038,19137,67.0000511898,3,-1,1,0.69449478158
53.8643581209,0.183145975196,18505,69.4068199894,3,-1,1,0.715019404322
54.2414950918,0.231404935454,19114,75.8084321346,3,-1,1,0.549792278925
55.9768160066,0.2346225341,18374,76.3060035457,3,-1,1,0.437500282068
57.3341687657,0.258922772487,18954,68.2045124318,3,0,1,0.795370509023
55.7749464898,0.238326727553,18477,76.6049733582,3,-1,1,0.544211342356
56.2609534019,0.195812535933,19207,72.530283627,3,-1,1,0.77860793468
69.0972502135,0.235448803151,18273,76.8210635096,3,0,1,0.548301894309
69.7635910944,0.193885401858,19487,77.3090790239,3,-1,1,0.570603849615
73.9512450041,0.24632000668,18687,882.868847517,3,-1,1,0.673511266731
48.0656428367,0.205347413749,19051,68.7825392772,3,-1,1,0.658211190659
54.1964645939,0.189649584736,18618,71.3723161278,3,-1,1,0.54200520464
71.9903334821,0.198921235491,18743,80.1051182305,3,0,1,0.633525211865
67.6904160116,0.208866635408,19518,77.3879578886,3,-1,1,0.667684868252
55.6460025375,0.224943335004,18937,66.5183833468,3,-1,1,0.741316445597
60.7452016373,0.199962347741,18940,72.046033295,3,-1,1,0.761493330934
65.2855672864,0.219316513245,18368,75.9247682196,3,-1,1,0.52408349764
66.5620857849,0.190933828705,18276,70.025663288,3,-1,1,0.736601963027
58.3192870006,0.234174291241,19003,71.8137277393,3,-1,1,0.611929529833
58.2577133066,0.186098186738,18774,69.5517943254,3,-1,1,0.747599271721
56.654841732,0.226935480513,19462,77.9717413653,3,0,1,0.583315813017
54.1801165696,0.250444519971,18897,76.7564708041,3,-1,1,0.466819691185
56.9615237802,0.230536873524,18812,75.1372697107,3,0,1,0.62147309746
67.0507163186,0.203715228848,18704,74.1711899973,3,-1,1,0.668877207729
60.3426480598,0.210093869696,19278,80.1026507357,3,-1,1,0.483961419571
62.7433193126,0.261683130349,19495,72.6427768052,3,-1,1,0.603947179113
76.2520517643,0.220069687681,19289,77.4479079047,3,0,1,0.697724702466
58.0335415635,0.192102141768,18995,77.08640998,3,-1,1,0.442967547632
52.9403865353,0.191341671688,18552,79.0108721307,3,-1,1,0.359093487192
56.9278753472,0.236916987925,18904,73.0784349598,3,1,1,0.737632075507
53.1679583781,0.24572453015,18544,78.5405774113,3,-1,1,0.305349619177
58.7563443893,0.22454790401,18320,72.8443281322,3,-1,1,0.552764599248
62.5880344394,0.171711916639,18893,76.4110150272,3,1,1,0.599943957142
50.2192209355,0.221326633032,19023,72.9041028529,3,-1,1,0.587032935047
72.5152712863,0.242947495219,19611,72.7618260452,3,-1,1,0.646208418826
49.1667503187,0.23265769883,19205,73.1103795342,3,1,1,0.7454726813
75.5633446347,0.205534759916,19269,75.7525285442,3,-1,1,0.597779756851
54.4656207106,0.231858748725,19233,70.7053715306,3,-1,1,0.58347356558
49.8833694777,0.234232115797,19163,75.8781664804,3,0,1,0.487708715173
83.5496432686,0.224252537734,19059,77.4577472085,3,-1,1,0.496866628441
72.3458389014,0.247366868647,18697,67.1130227958,3,-1,1,0.815828195817
58.7024084264,0.226594384396,19271,77.7482590047,3,0,1,0.573451842509
43.9187673099,0.237846434077,19366,74.9217906045,3,-1,1,0.473310177393
62.532069736,0.235046342123,18740,70.6200007553,3,-1,1,0.736728533455
52.6174603162,0.212214371211,19479,79.5896624735,3,1,1,0.563269402514
79.6631801543,0.229077627447,19519,73.5714167942,3,-1,1,0.715206614994
69.8250437495,0.230697888415,19019,70.8383291469,3,-1,1,0.836184548165
60.3328441888,0.197394060677,19356,78.854640528,3,1,1,0.515301346753
63.1906833202,0.250935315902,18949,71.8752553694,3,0,1,0.74377970298
77.0514109916,0.215890909812,18489,77.2556685241,3,-1,1,0.592075012878
49.3220630729,0.240915424718,19055,76.2166854107,3,0,1,0.494939320146
55.3861478264,0.255034767784,19575,72.2025722152,3,-1,1,0.651092088051
53.4179427974,0.204958344288,18473,74.9182004486,3,0,1,0.624939030472
63.7155728046,0.221710064069,18475,79.0234833938,3,0,1,0.587894210943
55.6181000526,0.208097967533,19316,75.7479485668,3,0,1,0.516718646244
49.237933182,0.232051746772,18290,64.1464445801,3,-1,1,0.669645087087
53.5237093663,0.220238189557,19412,70.4327049355,3,-1,1,0.704162662494
80.197163965,0.211283015143,19339,78.2755543148,3,-1,1,0.600217428811
72.4237325389,0.261195865051,19336,782.07336475,3,1,1,0.573471666895
67.5009976086,0.196181941483,19191,885.550318577,3,-1,1,0.65100895703
59.2213239508,0.215926143895,19443,70.7673204182,3,-1,1,0.739502390393
72.3830281404,0.20279825508,18553,86.8122467321,3,1,1,0.612962746232
58.5744473432,0.219517887087,19606,74.0188966079,3,0,1,0.564766582933
48.0961908864,0.227858976681,19222,73.4700096385,3,1,1,0.644617383184
72.2309300621,0.206448203733,18330,77.3609435433,3,-1,1,0.61571812875
59.2508920374,0.204302724985,18492,77.9124795643,3,-1,1,0.56591539008
65.1186348352,0.218506454697,18432,73.2100950654,3,-1,1,0.712513599838
62.7551957474,0.192562830621,18626,70.2517231084,3,-1,1,0.711167148258
74.2695682629,0.243184417059,19322,869.457389449,3,-1,1,0.553250673813
58.3766866419,0.199796146626,18919,75.6904930111,3,-1,1,0.607536730814
59.0480871861,0.233941941325,18874,841.636652486,3,-1,1,0.642085106156
66.1984355713,0.257734516182,19008,71.7718943235,3,-1,1,0.713563504153
79.9071612507,0.2257684895,18506,396.370060944,3,0,1,0.585932534852
87.6212615325,0.221270613244,18430,68.6577200512,3,-1,1,0.852586622892
50.7809324512,0.223303891915,19533,75.1521305517,3,-1,1,0.473853054734
47.0494970202,0.208290916451,18833,76.0070117384,3,-1,1,0.344357733625
50.3092420687,0.220666976177,18427,80.9339266577,3,0,1,0.377441602307
64.5361411037,0.198842110502,18685,73.8071552258,3,0,1,0.644136511152
53.2712733718,0.217918407811,19103,70.1607416468,3,-1,1,0.653819352615
77.4599345028,0.222715865291,18386,80.3541706561,3,0,1,0.690666952518
65.5673928564,0.213322473668,19256,71.1606335693,3,-1,1,0.734505136293
66.0546399327,0.187948315204,18578,69.2448854945,3,-1,1,0.783845987614
77.9250630227,0.198938549502,19546,70.9698051349,3,-1,1,0.824554946419
57.6578761294,0.240493434278,18826,71.3639564053,3,-1,1,0.71311254418
56.8713772816,0.21856812862,19140,73.0289533525,3,1,1,0.698135002866
53.0464079951,0.196681436304,18727,76.7981498556,3,-1,1,0.500564597291
49.4815723486,0.22244499799,19150,373.261748573,3,0,1,0.593180853873
67.2728188071,0.196100018922,18664,75.9851469396,3,-1,1,0.53627058687
69.2694574906,0.25771982827,19408,71.4074742185,3,-1,1,0.74078766952
56.2638901573,0.223903299177,19380,74.6537607642,3,-1,1,0.598943364909
58.1209251384,0.238072395265,18665,79.995188103,3,-1,1,0.320078836089
70.7474734622,0.186252925023,18530,81.9712345965,3,1,1,0.633500515072
57.4568286729,0.210591073365,18456,80.3221954044,3,1,1,0.555237515773
60.7572106277,0.22077583415,18474,70.3958681878,3,0,1,0.782939352364
60.9288653904,0.224987777636,19088,70.6550903182,3,-1,1,0.665419186575
38.3969272077,0.251222834753,19565,85.501643732,3,1,1,0.387731926597
62.8392111925,0.235153834267,18959,73.7537761345,3,-1,1,0.690049465011
67.7515495062,0.25157778043,18927,76.468493001,3,-1,1,0.411438452845
47.5667465883,0.20102647601,18300,75.6243425541,3,-1,1,0.437587208568
42.2451437529,0.198856963423,18761,77.9149725656,3,1,1,0.513743005515
57.2695410264,0.192369031354,18851,77.3594398204,3,-1,1,0.387790706438
64.6052620702,0.201422955887,19427,81.8977820912,3,0,1,0.519917087586
58.4882455655,0.285992074089,19279,81.6872935618,3,-1,1,0.385818788497
65.7208773378,0.208454246085,18734,74.126526127,3,-1,1,0.642417422662
51.8060218675,0.23622920321,19476,72.6863527409,3,0,1,0.725587042312
66.9671740698,0.199237320332,19295,74.0028215516,3,-1,1,0.557608419596
57.3817793914,0.224910263458,18958,76.1372417966,3,0,1,0.429768246554
61.3550574161,0.226807592835,18645,75.5222312734,3,-1,1,0.561730355981
78.0406434167,0.2219552103,19219,73.7354083223,3,-1,1,0.72024605215
58.6598370144,0.221430975579,18399,71.0389695809,3,-1,1,0.669617995406
52.0631465027,0.204570449939,19113,78.4520877959,3,-1,1,0.446532611676
77.9514904828,0.228131509317,18353,78.3938921545,3,-1,1,0.4897392507
64.4092863194,0.189382681353,19616,76.775009755,3,-1,1,0.426224502281
53.0616879711,0.230208866076,19650,76.9927962308,3,0,1,0.508078216204
63.3413883692,0.196659749496,19492,70.56985136,3,-1,1,0.688853114558
50.2783271422,0.174844182634,19400,75.7296964325,3,-1,1,0.484414659977
65.7397037443,0.252446495655,18660,72.9396489559,3,-1,1,0.708643835572
64.6078637597,0.247584129772,18387,878.615866013,3,0,1,0.915786823511
58.0198661913,0.201506629721,18843,81.8437520908,3,1,1,0.565600900429
52.2347726644,0.25348451683,18503,392.653715518,3,1,1,0.521937793239
73.0702203931,0.248440050628,18488,76.3976289002,3,-1,1,0.586592926613
41.7585319554,0.222332887358,19597,74.1361225472,3,-1,1,0.501595965413
51.8353961795,0.204845023301,18539,78.9558441624,3,-1,1,0.440147891571
83.180478348,0.299143902512,19656,73.1266774801,3,-1,1,0.682719390245
56.3457035102,0.20994991681,19529,77.7689446273,3,0,1,0.465788806348
49.1931258651,0.248033730779,18777,75.760489015,3,-1,1,0.390499102137
66.3270216113,0.235229831668,19181,73.0612424558,3,-1,1,0.714290063846
56.3416564258,0.244724160752,19185,74.9560669655,3,1,1,0.759742142241
84.2720349929,0.260432146225,18767,70.8447723894,3,-1,1,0.822083704989
70.2212905716,0.213519829049,18771,75.4496564038,3,-1,1,0.593238810878
43.7541710397,0.248956020899,19325,71.7037005271,3,-1,1,0.481948925293
46.6101315559,0.225064794597,19066,75.6438552683,3,1,1,0.571478653646
45.2706136493,0.235018862822,19228,77.2418240017,3,-1,1,0.379167701544
45.3432242564,0.288669532418,19432,75.0344813627,3,-1,1,0.465691251927
63.957813177,0.233374918459,19108,81.3432608489,3,1,1,0.543492388103
51.7091425456,0.170221139632,19094,72.3680012475,3,-1,1,0.499636764013
58.8207519261,0.231147624158,18381,70.9057698975,3,-1,1,0.730184619394
66.6059461294,0.24134765861,18924,70.4521463234,3,-1,1,0.678960791515
48.634617025,0.21683888216,18288,844.08688377,3,-1,1,0.838526631469
70.3849054798,0.206636359506,18344,69.2428291285,3,0,1,0.869720312883
77.6717981207,0.202313819678,18621,77.1995651632,3,0,1,0.757895384129
83.0965546151,0.214698603682,18877,72.9203969908,3,-1,1,0.735783301667
45.8188375618,0.210947084434,18648,77.9447296099,3,-1,1,0.349592559311
37.9814164918,0.237760944999,18948,73.4886876795,3,-1,1,0.474078691278
58.1795717267,0.223543147982,19418,73.3705918042,3,-1,1,0.659623613312
74.1312980805,0.17070912009,19026,75.2982748715,3,0,1,0.794891263519
59.4554292552,0.215089045309,19075,74.7821704272,3,-1,1,0.604347289494
75.4050573734,0.242298409453,19323,384.483418639,3,0,1,0.607639566687
60.7471305573,0.198543698787,18303,74.9947214901,3,-1,1,0.723906698544
81.2184708359,0.254435826541,18750,77.574617163,3,-1,1,0.692322564201
34.8581734498,0.16753622804,19333,74.1058792609,3,0,1,0.605462512121
55.6805184312,0.256940941372,19393,81.795506783,3,1,1,0.484782265978
40.2195985142,0.228401877182,19556,76.1840597629,3,-1,1,0.44235714825
62.0711525875,0.255320526295,19101,69.1902791766,3,-1,1,0.702874273551
52.4763355308,0.282181333256,19421,74.8637340039,3,-1,1,0.52265145369
72.1924455803,0.280595573257,19057,72.8898327746,3,-1,1,0.710328890139
52.2218971142,0.229902763264,19064,84.2819198417,3,1,1,0.564111833064
50.7632990919,0.215907716115,19234,347.511766666,3,-1,1,0.61657036585
64.6275470932,0.229496057811,19592,76.8645699942,3,-1,1,0.494851960651
39.0167984962,0.217352838126,19168,71.556231519,3,-1,1,0.623767081706
82.4349792149,0.188083704689,18986,77.7702146756,3,-1,1,0.778096006427
42.2843407556,0.206504037549,18853,72.5666989109,3,1,1,0.794987259515
80.7862536524,0.203843304647,19067,77.5618296938,3,1,1,0.627604473874
45.9272296504,0.194100981701,18816,863.23409766,3,0,1,0.586140112048
63.8242438543,0.224751869933,19129,75.5180685213,3,-1,1,0.5967892616
74.8489193115,0.215000503384,18312,75.7424959791,3,0,1,0.770547910944
48.1595168978,0.239981325996,19164,378.073376349,3,0,1,0.604086560667
57.3268306819,0.207022933185,19598,69.9408560124,3,-1,1,0.592477552406
54.4980413472,0.215433016548,18480,67.6382106241,3,-1,1,0.65312280586
55.6362732448,0.228671868089,18709,73.6824590386,3,-1,1,0.702624077532
47.2717660179,0.180871670927,18336,71.7888899297,3,-1,1,0.526737215661
32.6521812759,0.240245781675,19573,71.893875185,3,-1,1,0.515230307161
58.1059216397,0.224259957448,18963,69.0359453372,3,-1,1,0.837016699941
65.2033358477,0.222724971065,18864,76.3027988162,3,-1,1,0.585850478402
50.4437649448,0.225397819556,19447,72.475194983,3,-1,1,0.594096726947
61.0931386986,0.209685013333,18803,80.6472202876,3,0,1,0.560271066743
63.921079866,0.261052160523,19280,77.0124368156,3,-1,1,0.609032513601
46.2957477167,0.248461477942,18791,76.4675571876,3,-1,1,0.414095714575
59.4383295769,0.180970079045,18668,69.0496188874,3,-1,1,0.754721644617
41.5670755117,0.226027630412,18438,73.3076879493,3,-1,1,0.632678526065
55.6974657948,0.235037070682,19022,76.6349191763,3,1,1,0.573132573225
76.4297554678,0.262723923963,19465,68.8005773338,3,-1,1,0.824574456633
64.993592523,0.265062397042,18729,75.7792873188,3,-1,1,0.562479781423
68.3865187709,0.222189815989,18698,366.298499302,3,1,1,0.716167056967
57.6210723768,0.195262170272,18442,69.1219828007,3,-1,1,0.70609808796
74.0483351584,0.196284910853,18515,74.8699527419,3,-1,1,0.784296318183
67.474495886,0.227343635994,18608,811.234853798,3,0,1,0.643995162223
66.1802336319,0.249757881728,18259,71.867486154,3,-1,1,0.812690260938
50.843741035,0.195125196566,18366,62.8557368877,3,-1,1,0.719493662882
61.8530274642,0.201332229303,19651,73.3146193636,3,-1,1,0.647567753191
65.2286229302,0.208561559014,19580,68.3586923998,3,-1,1,0.709170374396
29.3065946002,0.210851759117,19409,71.635052417,3,-1,1,0.580670340517
75.1697976655,0.227590159781,18719,75.8556287166,3,-1,1,0.645046147097
61.752726218,0.274226709605,18764,75.4961154898,3,-1,1,0.456435936858
49.5927465634,0.208887028296,18580,72.8775640323,3,-1,1,0.445372089009
73.2787150021,0.226400116245,19306,81.4492554288,3,1,1,0.591003328145
58.5849066661,0.239940480746,18776,75.6353470373,3,-1,1,0.478600211121
67.3548062018,0.250301454336,19539,78.0683429,3,0,1,0.455369929821
44.8096582389,0.234942164358,18676,70.0021419113,3,-1,1,0.552855375239
68.406816447,0.195293839875,18611,79.8067500671,3,-1,1,0.57102632351
63.5650650696,0.227273156587,18688,80.6953643029,3,1,1,0.506492854981
81.8621001146,0.225307946834,19653,78.0055117712,3,-1,1,0.606036546422
62.4464300139,0.238767376223,19499,69.8422289728,3,-1,1,0.523089401648
44.5267828875,0.242133045314,18362,79.6884465724,3,0,1,0.415776450667
39.7617074796,0.248800209743,18297,69.4509038319,3,0,1,0.670718029269
64.0658047794,0.221082040908,18280,76.4322356067,3,-1,1,0.588253167201
71.078553668,0.274273859074,19481,74.097874157,3,-1,1,0.69424044585
74.8724099111,0.224196441318,18468,75.0294053507,3,-1,1,0.719808096566
74.0325796546,0.191465172104,19027,69.9425736475,3,-1,1,0.847196063049
81.1708708462,0.195520339865,19090,75.7479150428,3,-1,1,0.654453366273
48.6087491235,0.264038365116,18595,82.6614080145,3,0,1,0.437901590657
43.0071232669,0.251647322627,19334,70.2241397284,3,-1,1,0.63549110899
66.4884344915,0.245840791719,19016,73.8188664417,3,-1,1,0.715162699128
38.7130579906,0.261766943923,18768,852.153034729,3,-1,1,0.439510505676
67.3843766747,0.208878024227,18519,72.0262948791,3,-1,1,0.807659834443
52.5819563079,0.239813929029,18402,73.7543908376,3,-1,1,0.537872020194
52.754008974,0.215744899104,19063,79.6567573424,3,1,1,0.513973409067
53.1727053792,0.228184782766,18482,69.7429895049,3,-1,1,0.756089267434
44.7840070965,0.242392298563,18556,74.6198521012,3,-1,1,0.540414076235
57.7847597098,0.263419259623,18542,81.9981741942,3,-1,1,0.340610186751
50.6899369645,0.252013129688,18319,71.676362176,3,-1,1,0.558695688687
65.3313988689,0.196008616575,18838,77.7098016221,3,0,1,0.618731614248
76.2495213225,0.206401672694,18901,68.1270383602,3,0,1,0.73181493041
73.6923343347,0.234317187654,19636,68.221631705,3,0,1,0.889277765066
57.8808719339,0.222064549179,18370,67.069611265,3,-1,1,0.699197131231
75.1311496256,0.241014908494,19087,69.4288354497,3,1,1,0.799071534429
55.1136928772,0.174273682807,19525,78.6362001036,3,0,1,0.628741003794
43.6164339711,0.20273405571,18651,895.108605097,3,-1,1,0.581744654745
70.4282881732,0.208108605257,18692,78.6946555189,3,-1,1,0.643001548687
68.7022585971,0.236183291607,19543,75.9655222535,3,-1,1,0.673725826598
39.9969861382,0.22748339799,19517,66.9139580416,3,-1,1,0.595156584675
74.2751473176,0.234044527091,18979,69.9573223478,3,0,1,0.902075526884
70.0685223103,0.199364309274,19416,81.4595786739,3,0,1,0.590350399839
50.8639064791,0.196082589316,18401,71.749185797,3,-1,1,0.684331788195
62.0692671747,0.248694548812,18334,73.6143576329,3,-1,1,0.691892630964
72.8117351207,0.218512110534,19335,75.4279944326,3,-1,1,0.689587903017
76.8104142952,0.226299616806,18790,80.4926947916,3,1,1,0.681363739775
61.4223311659,0.256101710573,18260,78.0483988432,3,0,1,0.543665048057
73.3495237489,0.19964905897,18470,78.0743497529,3,0,1,0.741588702082
56.4626344418,0.225324362722,18527,74.4861910783,3,-1,1,0.665797264708
80.1730591659,0.203146153315,18419,374.466095493,3,-1,1,0.569345326504
76.3633466161,0.211185276742,19224,832.8408254,3,-1,1,0.656965166654
53.1548883611,0.247662275712,18333,73.108721563,3,-1,1,0.6454932281
58.2402924253,0.215970792388,18310,77.2511042985,3,-1,1,0.318106567592
60.7129768758,0.198697965052,19330,81.7529501985,3,0,1,0.553897172162
53.5890073247,0.262712252396,19423,75.6744005611,3,-1,1,0.48355091003
44.7238218749,0.271297453739,19414,69.1632781047,3,-1,1,0.728861670194
58.2703196129,0.197977520366,18702,71.3018925529,3,-1,1,0.749331872186
60.1671828344,0.214955468331,18533,75.1572496916,3,-1,1,0.608770149063
80.0642115714,0.221679141907,19221,81.8197649121,3,1,1,0.622725025419
53.5722154373,0.245767781429,18888,73.2863308633,3,-1,1,0.570435281346
65.5880484284,0.242188698582,19511,69.0713331776,3,-1,1,0.823313577113
74.2176585855,0.151224516458,18952,79.4764623914,3,1,1,0.621891910375
70.3466752003,0.190468769785,18478,72.1466961094,3,-1,1,0.619625479747
82.855327436,0.173677607916,18460,81.4003815805,3,-1,1,0.532557770171
65.0717169715,0.193465782624,19167,68.5097623559,3,-1,1,0.762790415103
56.0616398314,0.24500772003,19450,67.9941635461,3,-1,1,0.544266123337
65.4613939588,0.254866652413,18358,74.6514676044,3,-1,1,0.67975684444
47.1227331926,0.193953554144,18547,71.6905043988,3,-1,1,0.603755124809
42.5133638968,0.251441203375,18292,74.8336687097,3,0,1,0.427601089945
76.3196902057,0.196700527517,18909,76.2160965985,3,0,1,0.694813353747
53.5456550112,0.216927570271,18613,74.0325208358,3,1,1,0.702982516524
62.9395884265,0.203383458334,18445,67.4835658878,3,-1,1,0.824570166424
53.7692421238,0.225602392639,18769,75.7114881099,3,-1,1,0.414328436431
66.3326122517,0.23644636748,18713,70.4235726288,3,-1,1,0.760771067884
50.5253044105,0.190114253414,19524,78.155760465,3,-1,1,0.486673683007
59.8893333344,0.230634675415,18403,74.1916644022,3,1,1,0.672722681969
56.348674051,0.2372525778,19605,79.6083761199,3,0,1,0.620405444482
73.0548862973,0.202724912114,18532,76.612516317,3,-1,1,0.480488632474
77.8183751192,0.228825716206,19293,68.8394609918,3,0,1,0.828007789387
50.795521236,0.236701948603,18298,78.2593206815,3,0,1,0.428651353899
65.4030626249,0.274058216366,19117,65.9249841,3,-1,1,0.805757911415
43.5937979621,0.218633808894,18835,68.441941834,3,-1,1,0.733106214421
49.6820949922,0.218477930588,18689,70.5373663025,3,1,1,0.783516425677
68.1029508701,0.21384088308,18686,77.4134523771,3,-1,1,0.494405168691
63.5819285582,0.16812391305,18282,76.1714845419,3,1,1,0.695648062335
61.5252191897,0.199369942336,18894,73.0145111207,3,-1,1,0.687228840885
65.8322116665,0.241246286675,18981,72.2449331336,3,0,1,0.770235299463
53.4896621579,0.244895797438,18397,65.7583640362,3,0,1,0.727992239584
52.8274361586,0.227455388415,18559,73.6922632649,3,-1,1,0.608485699376
53.7927815759,0.232857686765,18811,73.0692707981,3,-1,1,0.672648112309
53.2086056554,0.1896980959,18720,69.2859008515,3,-1,1,0.822699699217
57.6076856617,0.218231685832,19215,76.6051388527,3,-1,1,0.383391122939
70.6529489866,0.230665495194,18398,77.4223824114,3,0,1,0.608184316561
69.277179107,0.226292688354,18755,76.5618449378,3,-1,1,0.63414969525
48.8232391901,0.206189586246,18413,76.9626459539,3,0,1,0.348904594922
55.4797356554,0.197059723518,18428,71.8300756569,3,-1,1,0.65128738499
51.4114442047,0.206527034732,19477,78.8722059656,3,-1,1,0.400205374679
55.3112435121,0.235719150337,19426,77.9263086947,3,0,1,0.591677822891
80.5618902954,0.236794808672,19203,79.9298620675,3,0,1,0.703957627174
70.9222438376,0.188081646498,19407,79.5013047374,3,-1,1,0.545493390721
53.6516648571,0.276863354686,19283,72.4637247077,3,-1,1,0.449236747803
79.6285794293,0.239688519921,19430,77.7951409243,3,-1,1,0.54169813784
61.1254386018,0.219095925951,19299,80.2043499284,3,0,1,0.600817105464
39.1720663695,0.192860075039,18494,74.2003312572,3,-1,1,0.456695418926
59.925446107,0.218896318847,19332,79.5722402079,3,0,1,0.531090995175
60.4551311122,0.218547518995,19099,72.6869555039,3,-1,1,0.633528830364
62.391307144,0.210345138582,19062,71.4938293711,3,-1,1,0.570915926784
75.6327148084,0.195977551128,18953,79.5527204896,3,0,1,0.615393410288
87.4685161191,0.2158257734,19047,73.9770977702,3,1,1,0.821124649293
62.7738609253,0.196832251453,19034,77.2499692423,3,0,1,0.610264186342
80.9165546918,0.186723691078,19585,75.2027047972,3,-1,1,0.687170649462
55.9341122336,0.25031777816,18351,71.2373266324,3,-1,1,0.668650239031
56.3228363074,0.230118638059,19071,71.9273008854,3,-1,1,0.632892469025
74.6446141385,0.232423305401,18975,73.3590206684,3,-1,1,0.683235191245
32.6396228926,0.201872001836,19184,74.1105818179,3,0,1,0.549477516161
58.0205153798,0.185354561559,18514,76.9202305247,3,0,1,0.542248812095
50.3331271273,0.237115030883,19375,74.9936416178,3,0,1,0.656543534284
67.4757086106,0.226587542244,19502,71.3847285081,3,-1,1,0.699315911575
82.2767356656,0.240118480939,18836,69.1557395183,3,-1,1,0.790129467605
75.3321281781,0.222694328339,19021,77.9842953652,3,-1,1,0.512628693
69.3585754241,0.204453575182,18376,77.5072637894,3,-1,1,0.463987442907
46.0196917576,0.183801882489,18696,79.0964780902,3,0,1,0.477001961791
69.1316721076,0.222276680767,19530,78.6717466525,3,0,1,0.687545166261
76.6861944134,0.203394837879,18802,73.7036155423,3,-1,1,0.712714164749
59.319090325,0.226251268678,19154,70.9330769161,3,-1,1,0.808374145333
59.7957055382,0.260751056281,18588,80.0053022258,3,1,1,0.685856645187
61.8050881324,0.22530167833,19081,73.1872419925,3,-1,1,0.589427337146
71.4688495682,0.254778836953,19288,73.9757112146,3,0,1,0.800086759062
50.3487939264,0.202451022318,19442,69.2733604775,3,-1,1,0.579973791071
46.1795658624,0.205599241878,19105,72.9659878591,3,-1,1,0.513017964855
72.8266336075,0.200461172779,18607,75.7775101173,3,-1,1,0.552527898234
62.6347409831,0.200430427284,19564,75.8778791011,3,-1,1,0.602999868856
50.0474317591,0.242389100928,19608,72.2834847121,3,-1,1,0.645248032498
70.0811545025,0.267327795929,19350,79.813657376,3,0,1,0.599716699495
46.3042306605,0.236383651299,18883,73.7721406443,3,-1,1,0.437355998638
68.6289060537,0.228698551745,18825,72.2744992975,3,-1,1,0.79020774171
76.9997541648,0.217445761112,18510,368.273037868,3,-1,1,0.573044833116
53.1713591564,0.23248619159,19466,75.2439733387,3,0,1,0.59660311087
46.0688861984,0.211098707286,18913,69.9358308802,3,-1,1,0.655632255659
63.5557891983,0.233118311661,19156,76.2357263098,3,-1,1,0.60743901941
56.9157257577,0.237641337907,18326,75.6347933184,3,-1,1,0.499259928284
37.3931624232,0.226425809376,18400,72.2241906922,3,-1,1,0.558107550558
46.4676352052,0.233146969491,18629,77.4767298157,3,-1,1,0.430434629672
58.3597801745,0.204341297824,19157,71.942249343,3,-1,1,0.709614460655
64.2586982834,0.223811689538,19648,404.745466285,3,-1,1,0.463042210375
53.5443329514,0.240613148178,19453,77.39677375,3,0,1,0.460646874596
83.1905403379,0.208959499971,19040,72.4349333885,3,1,1,0.822323030635
51.6249324753,0.210215583345,19186,79.6862671524,3,1,1,0.423736677059
37.7958439192,0.195263892216,19178,72.8015271909,3,-1,1,0.446522057389
56.3331959038,0.192250259441,19378,72.881462031,3,1,1,0.729024991156
59.2496525582,0.215796012048,19206,68.0950763235,3,-1,1,0.730500926605
69.011622705,0.224692667907,19135,69.6610956665,3,-1,1,0.799482544202
53.0641896313,0.160663643032,18635,75.4032271521,3,-1,1,0.549151810078
42.8359995028,0.202058311057,18898,74.6206967134,3,-1,1,0.466315273294
69.4588088196,0.227597768954,18647,81.0133057855,3,-1,1,0.50651190271
80.2806499201,0.229864974342,18324,79.0744181692,3,-1,1,0.434874741153
55.2722381983,0.235956337321,18308,74.351509558,3,0,1,0.601752447078
82.3725008962,0.208917986165,18375,80.3026030448,3,0,1,0.604797529229
41.0004043201,0.2147390629,18388,69.6771463492,3,-1,1,0.580361582072
70.3585100503,0.250755075882,19134,74.2630909585,3,0,1,0.717487856451
62.0491848314,0.219239912133,19504,73.3070427104,3,-1,1,0.588361703471
50.0837678389,0.237309134294,18331,76.9145053614,3,-1,1,0.447462901525
52.6527183048,0.176506944896,19600,78.9746209347,3,-1,1,0.444154950674
45.7407558256,0.213919857229,18906,77.6261629133,3,-1,1,0.399223735695
56.684842632,0.193468215294,19456,71.4851786716,3,0,1,0.774577462194
54.5344152244,0.223419447649,18772,72.2464786461,3,-1,1,0.629674797277
57.2892682897,0.221343426527,19461,70.0604938065,3,0,1,0.826979584317
62.8503431528,0.236531287127,19463,75.7465675225,3,-1,1,0.56999413265
46.6114711532,0.239549386724,19160,876.032340677,3,-1,1,0.726866753848
58.6299165685,0.251817796156,19304,80.2544140026,3,1,1,0.548985510147
59.4298098229,0.279719040994,18735,71.8449592427,3,-1,1,0.741638688782
71.0654900459,0.204686665468,18424,72.5315463118,3,-1,1,0.694680768104
63.2115368981,0.178999104359,18822,75.9627628094,3,0,1,0.693861056758
61.1834515208,0.215152270323,19126,72.2444752035,3,-1,1,0.684017702312
58.9753503681,0.218680144203,18590,72.4378943476,3,-1,1,0.636573843985
47.0453538842,0.221814584548,19568,81.3962592734,3,0,1,0.435251813168
55.0603527841,0.196545973641,19193,881.308880378,3,-1,1,0.657331441113
65.0368974465,0.228037920964,19236,72.7611909556,3,0,1,0.864344947769
47.7918240062,0.237061223328,19069,75.0391489532,3,-1,1,0.521326753165
65.8235241194,0.20926511953,19025,74.5699626014,3,-1,1,0.522130402798
63.4916376666,0.244782232723,18850,70.7045950705,3,-1,1,0.778324483816
61.490683757,0.219290900223,18955,73.4043083567,3,-1,1,0.737971859315
74.0046128221,0.198555865188,18699,78.0246236954,3,-1,1,0.495305521315
78.3277262313,0.214143794816,18364,77.95486196,3,0,1,0.728959655775
55.8450870004,0.197817260291,18612,73.5111532415,3,-1,1,0.674916518324
59.5295089577,0.240787585081,18597,81.6431668749,3,1,1,0.574386163785
39.1740194442,0.20113433435,19097,72.1899203605,3,-1,1,0.541620738598
52.5021022897,0.236092292699,18406,75.8167290959,3,0,1,0.574941018564
43.3992174763,0.206980249475,19310,67.4348217689,3,-1,1,0.680770477178
70.0093638849,0.229648966208,18842,64.1485278989,3,-1,1,0.770089188297
47.1243923259,0.213451904725,19590,70.0893705144,3,-1,1,0.690346759182
63.9404689686,0.20266384477,18328,71.6409356804,3,-1,1,0.752529609265
71.9111624636,0.203888612574,18569,80.0103969151,3,0,1,0.567717051866
72.7951808043,0.179021135863,19317,83.0452163119,3,0,1,0.45379202172
44.2331911279,0.237748160095,19503,71.906520275,3,-1,1,0.581277374387
65.5368718202,0.235380527192,19320,81.7050341208,3,1,1,0.540936830593
66.4924960652,0.217039137576,18640,75.3476167584,3,0,1,0.716821180991
52.3684559694,0.213101786598,18472,74.0653547671,3,0,1,0.636141887045
50.1566545374,0.222328102451,18481,77.8544003653,3,0,1,0.513338325293
58.7249293051,0.216356294702,19341,66.6946896843,3,-1,1,0.71565912015
72.3233329439,0.215495329502,19247,70.6460800856,3,-1,1,0.834177389328
38.8569840271,0.234019248854,18345,73.5487771494,3,-1,1,0.515253465454
65.8611378306,0.193712712479,19162,78.4513785839,3,0,1,0.393482816654
59.4205405705,0.205694595894,18923,73.1830380755,3,-1,1,0.590475702836
67.3699148349,0.248037686176,19472,76.4932797931,3,-1,1,0.520895306358
69.544031366,0.214490153019,18389,73.1632835035,3,-1,1,0.701428877921
56.2012586356,0.252003003247,19189,70.4840220443,3,0,1,0.813626393723
51.343297519,0.219778832132,18356,69.5512790934,3,-1,1,0.663607883224
66.779616845,0.213515672705,19044,74.5206164752,3,-1,1,0.569784733413
54.5823579888,0.226966687468,19226,73.5936879837,3,0,1,0.549260972154
57.3245520579,0.26948184428,18524,71.7440717787,3,-1,1,0.740906413726
74.5304857176,0.223651978164,18936,74.0260700119,3,-1,1,0.631304399111
43.8363438751,0.18294135805,18420,72.3169013852,3,-1,1,0.541824199146
59.1206741637,0.271822843733,18757,69.5153432599,3,-1,1,0.57374240906
46.1534962233,0.229682272227,19106,72.1032772241,3,-1,1,0.61855464166
59.484713035,0.185234394516,19627,66.7680701009,3,-1,1,0.751409653589
56.0847517131,0.21279354012,19240,71.5501318242,3,-1,1,0.722283526071
57.8025027916,0.200547402798,18435,75.2064038372,3,0,1,0.461851363473
61.5366748934,0.204379948241,18911,72.4700020502,3,-1,1,0.661255128993
83.650827403,0.234443582181,19244,75.8892454645,3,0,1,0.69447227201
58.8867576025,0.195973333144,18508,74.3978169256,3,0,1,0.749794571699
65.0462870143,0.234004526929,19498,78.0256606556,3,0,1,0.622846724165
51.7953605497,0.23779943916,19313,70.4290980822,3,-1,1,0.552382376362
53.616587186,0.208874598212,18567,76.4410864616,3,-1,1,0.440254501821
69.9970982601,0.202706551402,19012,76.8894715361,3,0,1,0.615682361506
46.0571991168,0.224032330555,19260,72.7865970721,3,-1,1,0.559420196872
46.2319504758,0.240825404156,18857,78.6720526174,3,-1,1,0.369597022389
48.330139695,0.242255957256,18449,66.0112864914,3,-1,1,0.64545450126
51.7928242917,0.246121370377,18915,75.283485083,3,0,1,0.689697741047
49.2318918608,0.22113020032,18785,74.1193190199,3,-1,1,0.499601141702
76.9375964668,0.273139969932,19436,76.7252521396,3,0,1,0.741671487619
53.6412128681,0.201317224781,19210,75.06116504,3,1,1,0.689528901348
46.0678701159,0.224955873062,18654,73.4667719974,3,0,1,0.606863492677
52.9491254885,0.23830439541,18677,70.137377746,3,-1,1,0.699846613523
51.6515550961,0.272542335401,19346,73.3303381199,3,-1,1,0.670516395703
79.7815243738,0.243972969942,19338,79.0366898066,3,-1,1,0.555315506136
51.0258040123,0.199385815062,19508,68.6362851241,3,-1,1,0.613726937493
58.0666396448,0.233850675944,18942,78.9914796986,3,-1,1,0.438053442235
71.1760415552,0.215762939912,18301,78.1321339252,3,-1,1,0.560445772495
75.0655891541,0.190693446036,19196,74.5083478297,3,-1,1,0.73114735605
61.9979598344,0.230499361661,19073,77.8454996725,3,-1,1,0.592667538318
64.0945109156,0.256689357501,19639,71.3444316547,3,-1,1,0.741025863772
36.2240747674,0.201512467644,19282,74.4883886154,3,1,1,0.542441750721
62.0208538308,0.219500286165,19133,80.1161570135,3,1,1,0.588324208848
71.85206672,0.220814133845,18873,70.9560120866,3,-1,1,0.838139481394
57.5920427876,0.265527811506,18332,74.9957856743,3,0,1,0.775659922388
75.1704106185,0.234032936979,18455,81.6825093914,3,-1,1,0.504657784536
50.9019635306,0.231365102346,19231,72.6135165301,3,0,1,0.711320299232
62.7642709117,0.185858373531,18788,81.4089815367,3,0,1,0.522347162954
63.9258956892,0.231172999268,19290,68.948101237,3,-1,1,0.635687464031
51.4346951327,0.207004666576,19402,71.6979177143,3,-1,1,0.68907556126
47.0347777387,0.199660716771,19572,76.0219940002,3,0,1,0.473301286742
60.7453174345,0.227153308447,19254,76.5229444914,3,-1,1,0.615549024249
69.0349955761,0.214965975922,19486,76.8707306747,3,-1,1,0.561610669059
76.7215051244,0.223838430928,18339,79.7736422728,3,0,1,0.623799006049
64.310402098,0.218706050671,18335,78.9271120854,3,0,1,0.68790454343
57.957223455,0.221425116218,18951,73.6996953893,3,-1,1,0.539349567575
60.0201195984,0.20188528587,19589,71.5189023204,3,0,1,0.906350732108
75.8593198592,0.210792752534,19321,75.496579541,3,-1,1,0.626807831764
50.0843420643,0.219495904775,18433,73.4045282924,3,-1,1,0.603228479153
55.7872794346,0.231220510085,19144,71.7252798881,3,-1,1,0.697560794556
46.5645416246,0.188105968427,18265,71.3253313075,3,-1,1,0.747051039893
65.6647393841,0.25616691063,18306,71.0410428135,3,-1,1,0.679624069432
68.7443542177,0.239544880416,18513,80.4744755727,3,0,1,0.513938059475
63.2060340572,0.217307607461,19566,84.3335816396,3,0,1,0.429784333863
64.5129714694,0.220046014959,19015,68.6283581281,3,-1,1,0.754180672329
49.7520193988,0.192084455296,18385,75.5605764928,3,-1,1,0.499741158287
46.4847426623,0.176281046313,19324,75.6719309693,3,1,1,0.444428713271
52.2894877974,0.180861627107,19292,75.1512392272,3,-1,1,0.561802675535
33.694824407,0.211626414583,19601,77.6168647404,3,0,1,0.436582142175
60.3987828085,0.212386278244,19354,75.55267589,3,-1,1,0.566300569099
49.742733438,0.237377467426,19009,72.3498061475,3,-1,1,0.532547553318
59.3021887944,0.266287218541,18546,74.7984497739,3,-1,1,0.572152669339
59.4050357141,0.24503670325,19425,72.6683915549,3,-1,1,0.655813597984
58.9587143663,0.212561192154,18423,74.1840941763,3,-1,1,0.473063180064
49.364594603,0.256847229587,19268,867.163019337,3,0,1,0.511400762642
70.2777053899,0.241777472517,18929,75.6072255216,3,0,1,0.737382118206
70.034867497,0.227001935812,19480,77.3925652863,3,-1,1,0.669448527164
78.8250542602,0.247270678876,19405,76.3723731632,3,-1,1,0.621056795744
66.6513153911,0.24984184356,19259,80.0819283507,3,-1,1,0.508879218773
69.987327014,0.239970685986,18269,72.8707826841,3,-1,1,0.674300404986
71.5387471687,0.238845633571,19344,831.094377429,3,-1,1,0.361363639344
66.1091550397,0.220713000869,18507,81.3747168492,3,-1,1,0.39617061065
60.9756626666,0.218240481281,18415,72.7024159584,3,-1,1,0.677366378148
73.9148496809,0.234157817625,18976,78.1882858723,3,0,1,0.672191601017
50.1385295343,0.207922938144,18849,73.8468070668,3,-1,1,0.54489066603
80.9074054507,0.221243180117,18457,71.9067370711,3,-1,1,0.818466881309
45.7836913658,0.227971053552,19613,79.1509814879,3,-1,1,0.405137625007
59.2245294003,0.205913617516,18711,71.9047738808,3,0,1,0.643420389437
52.2211199657,0.243737287427,18691,71.2562868466,3,-1,1,0.612362552205
64.3222982194,0.24594805575,19159,76.9852063516,3,0,1,0.707969221312
63.3279538321,0.228105826741,18418,80.2408853317,3,0,1,0.4321420081
61.6760382845,0.230772790227,19387,80.6633602346,3,1,1,0.464473504997
55.3914746395,0.205646470875,18887,72.2547682771,3,1,1,0.699373581753
56.7957139219,0.234786076728,18920,69.9113338676,3,-1,1,0.732658916852
43.4882444755,0.222739700622,19371,74.2258959358,3,-1,1,0.599522017671
50.1545619586,0.302464689837,18465,71.9605898699,3,-1,1,0.611105380738
76.4205255271,0.228744915964,19446,73.0720643678,3,-1,1,0.758378793258
57.8369228818,0.21903139781,19352,76.217348788,3,-1,1,0.571135311431
55.6613691459,0.238053574252,18890,74.4816913217,3,0,1,0.669328426623
66.403186231,0.211275344032,18892,70.0716746601,3,-1,1,0.673122873436
62.3751005899,0.231384006792,19551,69.7094398006,3,-1,1,0.657836679304
57.936910197,0.232674114488,18329,381.677051967,3,-1,1,0.626692507007
57.9335316951,0.229569217993,18325,75.3608028001,3,-1,1,0.560691771485
61.8306377481,0.203857050068,18299,76.9600062248,3,0,1,0.543686372476
67.0602734405,0.254616209634,19131,69.8095322063,3,-1,1,0.724657102057
54.9420196495,0.255087019877,19379,70.059567916,3,-1,1,0.690759756369
55.0254791214,0.213468537554,19281,71.7000575323,3,-1,1,0.605119881992
58.3063216933,0.227983864508,19143,73.627449761,3,1,1,0.763482221756
94.1907107175,0.226721330677,19348,75.6243779081,3,-1,1,0.679838158218
60.0432836744,0.2193632729,18999,66.2265514713,3,-1,1,0.892292692289
46.7979710507,0.257674734046,18286,76.6076137399,3,-1,1,0.388027142302
50.085758062,0.249164114619,18408,71.1468464416,3,-1,1,0.575636919795
48.8740601445,0.247710611672,19218,73.4997229456,3,-1,1,0.565926127354
49.5903656134,0.209080058737,18914,72.4965219792,3,-1,1,0.549627322024
62.0607625577,0.19443571517,18340,78.3414336704,3,0,1,0.601384441166
62.4619296865,0.221529336263,19036,77.7697145184,3,-1,1,0.533320343316
75.150330492,0.204985627329,19552,70.6178760481,3,-1,1,0.825138660928
69.4198766128,0.218645317698,18672,863.736256817,3,-1,1,0.668633542161
58.8255200121,0.225132364696,18600,73.263778359,3,-1,1,0.569230027857
61.8733965582,0.259814229375,19586,69.3418546395,3,1,1,0.854923227714
62.1575398548,0.213768117623,18841,76.8876129507,3,-1,1,0.610552849464
67.2758869383,0.209996245579,18313,74.3845679113,3,-1,1,0.519147525572
45.2774858075,0.221460999673,19165,75.9548929074,3,-1,1,0.388462381708
67.8516964875,0.223733641726,18274,76.741521579,3,0,1,0.741746071915
57.5059665351,0.249277220284,18787,73.7711072382,3,-1,1,0.501377142994
64.6061227659,0.194852290475,19052,74.5468267516,3,-1,1,0.621000549961
64.262407673,0.232492735397,18880,76.3415296697,3,-1,1,0.621299036468
49.6773448303,0.256844959796,18978,70.0534110783,3,-1,1,0.708045876614
55.5033488291,0.220018866156,19537,71.3812373396,3,0,1,0.693124910744
65.9967151493,0.234679892208,19569,73.4616852894,3,0,1,0.827282235205
50.3414774894,0.184653433825,18902,68.2676805571,3,-1,1,0.706931029308
56.962364918,0.199165773245,18625,74.7620114308,3,0,1,0.702131725506
61.6400466619,0.213626757348,18279,78.3824241139,3,-1,1,0.465321091574
56.4660946109,0.247735938056,19182,67.4858798647,3,-1,1,0.703323709944
50.3598900987,0.20474331122,18296,72.7147370108,3,0,1,0.794332994682
44.745484534,0.210755111398,19187,77.3647176658,3,1,1,0.530660908289
61.0184046774,0.19322917468,18572,76.9317055733,3,0,1,0.55752045528
40.8312944194,0.217289141069,18950,69.3918581803,3,-1,1,0.61384879268
44.959894549,0.234646927442,18451,75.161101519,3,0,1,0.513126398957
59.356058108,0.253693682728,18663,75.3951317914,3,-1,1,0.54773853607
67.8652221429,0.228934530998,19169,810.883148411,3,-1,1,0.655621914041
66.8554354998,0.24494793928,18946,68.4913183505,3,-1,1,0.86753667845
54.7127128183,0.177143433962,19017,74.9554282946,3,-1,1,0.538968728802
